ID;time;volume;type;MIT_conc_nom;CMIT_conc_nom;CMITMIT_conc_nom;MIT_conc_theo;CMIT_conc_theo;SI_conc_theo;replicate;MIT;CMIT;SI
BLANC_R1;NA;NA;control;0;0;0;0;0;0;1;0,00;0,00;0,00
G_CM_0-8_R1;NA;NA;range;0.2;0.6;0.8;0.2;0.6;0.2;1;1738.208;6931.124;1890.581
G_CM_0-6_R1;NA;NA;range;0.15;0.45;0.6;0.15;0.45;0.2;1;1322.851;5343.259;1924.108
G_CM_0-2_R1;NA;NA;range;0.05;0.15;0.2;0.05;0.15;0.2;1;494.017;1996.523;2155.752
G_CM_0-04_R1;NA;NA;range;0.01;0.03;0.04;0.01;0.03;0.2;1;89.158;415.199;2162.178
G_CM_0-02_R1;NA;NA;range;0.005;0.015;0.02;0.005;0.015;0.2;1;58.371;236.121;2177.129
G_M_6-5m_R1;NA;NA;range;6.5;0;0;6.5;0;1.5;1;21026.938;0,00;6274.72
G_M_5-5m_R1;NA;NA;range;5.5;0;0;5.5;0;1.5;1;18390.807;0,00;6623.497
G_M_1-5m_R1;NA;NA;range;1.5;0;0;1.5;0;1.5;1;6870.804;0,00;8858.648
G_M_0-2m_R1;NA;NA;range;0.2;0;0;0.2;0;1.5;1;1142.424;0,00;10611.18
G_M_0-1m_R1;NA;NA;range;0.1;0;0;0.1;0;1.5;1;575.939;0,00;10868.87
G_M_90u_R1;NA;NA;range;90;0;0;90;0;50;1;761.075;0,00;458.223
G_M_75u_R1;NA;NA;range;75;0;0;75;0;50;1;602.011;0,00;515.456
G_M_50u_R1;NA;NA;range;50;0;0;50;0;50;1;421.388;0,00;491.439
G_M_25u_R1;NA;NA;range;25;0;0;25;0;50;1;212.011;0,00;547.394
G_M_10u_R1;NA;NA;range;10;0;0;10;0;50;1;77.343;0,00;557.499
G_M_1-6u_R1;NA;NA;range;1.6;0;0;1.6;0;0.8;1;18.434;0,00;11.588
G_M_1-2u_R1;NA;NA;range;1.2;0;0;1.2;0;0.8;1;14.573;0,00;16.656
G_M_0-8u_R1;NA;NA;range;0.8;0;0;0.8;0;0.8;1;8.326;0,00;10.612
G_M_0-4u_R1;NA;NA;range;0.4;0;0;0.4;0;0.8;1;3.561;0,00;8.614
G_M_0-1u_R1;NA;NA;range;0.1;0;0;0.1;0;0.8;1;3.659;0,00;8.908
TA_CM_0-6_0_R1;0;NA;acute;0.15;0.45;0.6;NA;NA;0.2;1;2399.003;7847.278;2848.397
TA_CM_0-6_24_R1;1;NA;acute;0.15;0.45;0.6;NA;NA;0.2;1;2447.083;7812.064;2936.24
TA_CM_0-5_0_R1;0;NA;acute;0.125;0.375;0.5;NA;NA;0.2;1;2132.988;6942.438;2953.728
TA_CM_0-5_24_R1;1;NA;acute;0.125;0.375;0.5;NA;NA;0.2;1;2114.642;6829.621;2935.573
TA_CM_0-42_0_R1;0;NA;acute;0.105;0.315;0.42;NA;NA;0.2;1;1838.878;5910.346;3002.82
TA_CM_0-42_24_R1;1;NA;acute;0.105;0.315;0.42;NA;NA;0.2;1;1857.382;5911.776;3118.539
TA_CM_0-36_0_R1;0;NA;acute;0.09;0.27;0.36;NA;NA;0.2;1;1611.202;5433.187;3093.904
TA_CM_0-36_24_R1;1;NA;acute;0.09;0.27;0.36;NA;NA;0.2;1;1670.237;5415.631;3171.063
TA_CM_0-30_0_R1;0;NA;acute;0.075;0.225;0.30;NA;NA;0.2;1;1410.125;4523.148;3267.497
TA_CM_0-30_24_R1;1;NA;acute;0.075;0.225;0.30;NA;NA;0.2;1;1360.599;4513.507;3261.269
TA_CM_0-24_0_R1;0;NA;acute;0.06;0.18;0.24;NA;NA;0.2;1;1196.111;3894.907;3330.928
TA_CM_0-24_24_R1;1;NA;acute;0.06;0.18;0.24;NA;NA;0.2;1;1112.649;3809.641;3344.421
TA_CM_0-18_0_R1;0;NA;acute;0.045;0.135;0.18;NA;NA;0.2;1;896.871;3089.486;3304.347
TA_CM_0-18_24_R1;1;NA;acute;0.045;0.135;0.18;NA;NA;0.2;1;896.866;3060.369;3584.727
TA_CM_0-15_0_R1;0;NA;acute;0.0375;0.1125;0.15;NA;NA;0.2;1;766.376;2710.787;3264.705
TA_CM_0-15_24_R1;1;NA;acute;0.0375;0.1125;0.15;NA;NA;0.2;1;760.986;2699.031;3489.486
TA_CM_0-12_0_R1;0;NA;acute;0.03;0.09;0.12;NA;NA;0.2;1;648.805;2193.286;3409.696
TA_CM_0-12_24_R1;1;NA;acute;0.03;0.09;0.12;NA;NA;0.2;1;585.51;2151.055;3583.824
TA_CM_0-06_0_R1;0;NA;acute;0.015;0.045;0.06;NA;NA;0.2;1;314.047;1252.711;3583.405
TA_CM_0-06_24_R1;1;NA;acute;0.015;0.045;0.06;NA;NA;0.2;1;275.041;1206.062;3848.339
TA_M_5-0_0_R1;0;NA;acute;5;0;0;NA;0;1.5;1;19391.641;0,00;7681.136
TA_M_5-0_24_R1;1;NA;acute;5;0;0;NA;0;1.5;1;19205.938;0,00;7521.335
TA_M_3-75_0_R1;0;NA;acute;3.75;0;0;NA;0;1.5;1;16037.311;0,00;8463.747
TA_M_3-75_24_R1;1;NA;acute;3.75;0;0;NA;0;1.5;1;16101.125;0,00;8123.497
TA_M_3-25_0_R1;0;NA;acute;3.25;0;0;NA;0;1.5;1;14584.55;0,00;8754.938
TA_M_3-25_24_R1;1;NA;acute;3.25;0;0;NA;0;1.5;1;14488.177;0,00;8715.388
TA_M_3-0_0_R1;0;NA;acute;3.0;0;0;NA;0;1.5;1;13566.207;0,00;8816.562
TA_M_3-0_24_R1;1;NA;acute;3.0;0;0;NA;0;1.5;1;13861.695;0,00;9072.849
TA_M_2-75_0_R1;0;NA;acute;2.75;0;0;NA;0;1.5;1;13132.052;0,00;9463.537
TA_M_2-75_24_R1;1;NA;acute;2.75;0;0;NA;0;1.5;1;13525.99;0,00;9464.958
TA_M_2-25_0_R1;0;NA;acute;2.25;0;0;NA;0;1.5;1;11146.372;0,00;9213.068
TA_M_2-25_24_R1;1;NA;acute;2.25;0;0;NA;0;1.5;1;11197.702;0,00;9729.86
TA_M_2-0_0_R1;0;NA;acute;2.0;0;0;NA;0;1.5;1;10307.92;0,00;10103.165
TA_M_2-0_24_R1;1;NA;acute;2.0;0;0;NA;0;1.5;1;10170.125;0,00;9818.156
TA_M_1-75_0_R1;0;NA;acute;1.75;0;0;NA;0;1.5;1;9426.386;0,00;10092.507
TA_M_1-75_24_R1;1;NA;acute;1.75;0;0;NA;0;1.5;1;9294.136;0,00;10781.728
TA_M_1-5_0_R1;0;NA;acute;1.5;0;0;NA;0;1.5;1;8070.801;0,00;10302.239
TA_M_1-5_24_R1;1;NA;acute;1.5;0;0;NA;0;1.5;1;8382.794;0,00;10803.284
TA_M_1-25_0_R1;0;NA;acute;1.25;0;0;NA;0;1.5;1;7259.792;0,00;10985.094
TA_M_1-25_24_R1;1;NA;acute;1.25;0;0;NA;0;1.5;1;7154.379;0,00;11454.183
TA_M_1-0_0_R1;0;NA;acute;1.0;0;0;NA;0;1.5;1;5982.788;0,00;11523.67
TA_M_1-0_24_R1;1;NA;acute;1.0;0;0;NA;0;1.5;1;6026.808;0,00;12152.252
TA_M_0-75_0_R1;0;NA;acute;0.75;0;0;NA;0;1.5;1;4723.849;0,00;12125.407
TA_M_0-75_24_R1;1;NA;acute;0.75;0;0;NA;0;1.5;1;4578.708;0,00;12060.781
TA_M_0-5_0_R1;0;NA;acute;0.5;0;0;NA;0;1.5;1;3282.998;0,00;12946.687
TA_M_0-5_24_R1;1;NA;acute;0.5;0;0;NA;0;1.5;1;3333.674;0,00;12679.91
TA_M_0-25_0_R1;0;NA;acute;0.25;0;0;NA;0;1.5;1;1798.134;0,00;13735.552
TA_M_0-25_24_R1;1;NA;acute;0.25;0;0;NA;0;1.5;1;1795.312;0,00;13801.731
TC_50_J0_R1;0;NA;chronic;50;0;0;NA;0;50;1;720.333;0,00;1821.701
TC_50_1L_J3_R1;3;1000;chronic;50;0;0;NA;0;50;1;524.896;0,00;1234.834
TC_50_1L_J7_R1;7;1000;chronic;50;0;0;NA;0;50;1;192.067;0,00;1284.55
TC_50_85_J3_R1;3;85;chronic;50;0;0;NA;0;50;1;628.753;0,00;1163.847
TC_50_85_J7_R1;7;85;chronic;50;0;0;NA;0;50;1;226.612;0,00;1238.254
TC_08_J0_R1;0;NA;chronic;0.8;0;0;NA;0;0.8;1;22.553;0,00;82.574
TC_08_1L_J3_R1;3;1000;chronic;0.8;0;0;NA;0;0.8;1;18.532;0,00;45.344
TC_08_1L_J7_R1;7;1000;chronic;0.8;0;0;NA;0;0.8;1;4.875;0,00;43.427
TC_08_85_J3_R1;3;85;chronic;0.8;0;0;NA;0;0.8;1;21.048;0,00;39.055
TC_08_85_J7_R1;7;85;chronic;0.8;0;0;NA;0;0.8;1;7.11;0,00;43.266
BLANC_R2;NA;NA;control;0;0;0;0;0;0;2;0,00;0,00;0,00
G_CM_0-8_R2;NA;NA;range;0.2;0.6;0.8;0.2;0.6;0.2;2;1775.743;7061.188;1941.049
G_CM_0-6_R2;NA;NA;range;0.15;0.45;0.6;0.15;0.45;0.2;2;1374.434;5520.373;1991.033
G_CM_0-2_R2;NA;NA;range;0.05;0.15;0.2;0.05;0.15;0.2;2;485.804;2006.968;2110.477
G_CM_0-04_R2;NA;NA;range;0.01;0.03;0.04;0.01;0.03;0.2;2;96.108;475.846;2189.282
G_CM_0-02_R2;NA;NA;range;0.005;0.015;0.02;0.005;0.015;0.2;2;46.355;230.372;2209.361
G_M_6-5m_R2;NA;NA;range;6.5;0;0;6.5;0;1.5;2;20871.521;0,00;6353.428
G_M_5-5m_R2;NA;NA;range;5.5;0;0;5.5;0;1.5;2;18462.369;0,00;6784.95
G_M_1-5m_R2;NA;NA;range;1.5;0;0;1.5;0;1.5;2;6877.018;0,00;9116.729
G_M_0-2m_R2;NA;NA;range;0.2;0;0;0.2;0;1.5;2;1123.599;0,00;10872.336
G_M_0-1m_R2;NA;NA;range;0.1;0;0;0.1;0;1.5;2;570.175;0,00;11097.207
G_M_90u_R2;NA;NA;range;90;0;0;90;0;50;2;787.005;0,00;502.88
G_M_75u_R2;NA;NA;range;75;0;0;75;0;50;2;604.625;0,00;505.362
G_M_50u_R2;NA;NA;range;50;0;0;50;0;50;2;449.69;0,00;542.101
G_M_25u_R2;NA;NA;range;25;0;0;25;0;50;2;206.197;0,00;537.244
G_M_10u_R2;NA;NA;range;10;0;0;10;0;50;2;102.026;0,00;568.067
G_M_1-6u_R2;NA;NA;range;1.6;0;0;1.6;0;0.8;2;11.57;0,00;7.402
G_M_1-2u_R2;NA;NA;range;1.2;0;0;1.2;0;0.8;2;14.224;0,00;11.765
G_M_0-8u_R2;NA;NA;range;0.8;0;0;0.8;0;0.8;2;11.217;0,00;18.086
G_M_0-4u_R2;NA;NA;range;0.4;0;0;0.4;0;0.8;2;5.786;0,00;6.677
G_M_0-1u_R2;NA;NA;range;0.1;0;0;0.1;0;0.8;2;0,00;0,00;0,00
TA_CM_0-6_0_R2;0;NA;acute;0.15;0.45;0.6;NA;NA;0.2;2;2386.231;7729.155;2903.106
TA_CM_0-6_24_R2;1;NA;acute;0.15;0.45;0.6;NA;NA;0.2;2;2447.948;7724.411;2995.209
TA_CM_0-5_0_R2;0;NA;acute;0.125;0.375;0.5;NA;NA;0.2;2;2100.52;6904.697;2981.739
TA_CM_0-5_24_R2;1;NA;acute;0.125;0.375;0.5;NA;NA;0.2;2;2211.635;6777.914;2949.817
TA_CM_0-42_0_R2;0;NA;acute;0.105;0.315;0.42;NA;NA;0.2;2;1808.935;5878.82;3012.074
TA_CM_0-42_24_R2;1;NA;acute;0.105;0.315;0.42;NA;NA;0.2;2;1765.777;5932.127;3075.812
TA_CM_0-36_0_R2;0;NA;acute;0.09;0.27;0.36;NA;NA;0.2;2;1602.809;5325.789;3173.669
TA_CM_0-36_24_R2;1;NA;acute;0.09;0.27;0.36;NA;NA;0.2;2;1595.154;5385.796;3108.49
TA_CM_0-30_0_R2;0;NA;acute;0.075;0.225;0.30;NA;NA;0.2;2;1397.406;4616.701;3335.934
TA_CM_0-30_24_R2;1;NA;acute;0.075;0.225;0.30;NA;NA;0.2;2;1331.479;4546.613;3354.296
TA_CM_0-24_0_R2;0;NA;acute;0.06;0.18;0.24;NA;NA;0.2;2;1154.202;3880.883;3292.824
TA_CM_0-24_24_R2;1;NA;acute;0.06;0.18;0.24;NA;NA;0.2;2;1137.12;3851.566;3394.807
TA_CM_0-18_0_R2;0;NA;acute;0.045;0.135;0.18;NA;NA;0.2;2;924.913;3112.592;3522.972
TA_CM_0-18_24_R2;1;NA;acute;0.045;0.135;0.18;NA;NA;0.2;2;871.468;3065.862;3612.805
TA_CM_0-15_0_R2;0;NA;acute;0.0375;0.1125;0.15;NA;NA;0.2;2;760.735;2663.616;3384.532
TA_CM_0-15_24_R2;1;NA;acute;0.0375;0.1125;0.15;NA;NA;0.2;2;759.761;2621.117;3654.119
TA_CM_0-12_0_R2;0;NA;acute;0.03;0.09;0.12;NA;NA;0.2;2;641.447;2190.736;3532.116
TA_CM_0-12_24_R2;1;NA;acute;0.03;0.09;0.12;NA;NA;0.2;2;629.373;2167.346;3652.833
TA_CM_0-06_0_R2;0;NA;acute;0.015;0.045;0.06;NA;NA;0.2;2;344.578;1195.111;3626.257
TA_CM_0-06_24_R2;1;NA;acute;0.015;0.045;0.06;NA;NA;0.2;2;309.73;1124.7;3844.37
TA_M_5-0_0_R2;0;NA;acute;5;0;0;NA;0;1.5;2;19717.777;0,00;7895.334
TA_M_5-0_24_R2;1;NA;acute;5;0;0;NA;0;1.5;2;19647.123;0,00;7557.835
TA_M_3-75_0_R2;0;NA;acute;3.75;0;0;NA;0;1.5;2;16021.489;0,00;8583.37
TA_M_3-75_24_R2;1;NA;acute;3.75;0;0;NA;0;1.5;2;16128.704;0,00;8104.521
TA_M_3-25_0_R2;0;NA;acute;3.25;0;0;NA;0;1.5;2;14650.665;0,00;8786.496
TA_M_3-25_24_R2;1;NA;acute;3.25;0;0;NA;0;1.5;2;14889.239;0,00;9079.796
TA_M_3-0_0_R2;0;NA;acute;3.0;0;0;NA;0;1.5;2;13573.722;0,00;9113.416
TA_M_3-0_24_R2;1;NA;acute;3.0;0;0;NA;0;1.5;2;13695.359;0,00;9039.185
TA_M_2-75_0_R2;0;NA;acute;2.75;0;0;NA;0;1.5;2;12923.404;0,00;9500.703
TA_M_2-75_24_R2;1;NA;acute;2.75;0;0;NA;0;1.5;2;13011.748;0,00;9299.604
TA_M_2-25_0_R2;0;NA;acute;2.25;0;0;NA;0;1.5;2;11235.082;0,00;9570.125
TA_M_2-25_24_R2;1;NA;acute;2.25;0;0;NA;0;1.5;2;11044.459;0,00;9829.586
TA_M_2-0_0_R2;0;NA;acute;2.0;0;0;NA;0;1.5;2;10225.783;0,00;9936.345
TA_M_2-0_24_R2;1;NA;acute;2.0;0;0;NA;0;1.5;2;10384.632;0,00;10144.811
TA_M_1-75_0_R2;0;NA;acute;1.75;0;0;NA;0;1.5;2;9150.701;0,00;10100.411
TA_M_1-75_24_R2;1;NA;acute;1.75;0;0;NA;0;1.5;2;9328.941;0,00;10824.689
TA_M_1-5_0_R2;0;NA;acute;1.5;0;0;NA;0;1.5;2;8121.695;0,00;10570.691
TA_M_1-5_24_R2;1;NA;acute;1.5;0;0;NA;0;1.5;2;8212.377;0,00;10939.424
TA_M_1-25_0_R2;0;NA;acute;1.25;0;0;NA;0;1.5;2;7144.984;0,00;10901.166
TA_M_1-25_24_R2;1;NA;acute;1.25;0;0;NA;0;1.5;2;7141.428;0,00;11561.586
TA_M_1-0_0_R2;0;NA;acute;1.0;0;0;NA;0;1.5;2;5824.014;0,00;11586.835
TA_M_1-0_24_R2;1;NA;acute;1.0;0;0;NA;0;1.5;2;5942.895;0,00;11958.265
TA_M_0-75_0_R2;0;NA;acute;0.75;0;0;NA;0;1.5;2;4610.263;0,00;12089.454
TA_M_0-75_24_R2;1;NA;acute;0.75;0;0;NA;0;1.5;2;4629.544;0,00;12260.012
TA_M_0-5_0_R2;0;NA;acute;0.5;0;0;NA;0;1.5;2;3319.456;0,00;13157.279
TA_M_0-5_24_R2;1;NA;acute;0.5;0;0;NA;0;1.5;2;3238.606;0,00;12711.473
TA_M_0-25_0_R2;0;NA;acute;0.25;0;0;NA;0;1.5;2;1812.829;0,00;13782.317
TA_M_0-25_24_R2;1;NA;acute;0.25;0;0;NA;0;1.5;2;1755.525;0,00;13925.833
TC_50_J0_R2;0;NA;chronic;50;0;0;NA;0;50;2;737.446;0,00;1915.906
TC_50_1L_J3_R2;3;1000;chronic;50;0;0;NA;0;50;2;528.238;0,00;1174.631
TC_50_1L_J7_R2;7;1000;chronic;50;0;0;NA;0;50;2;215.693;0,00;1286.815
TC_50_85_J3_R2;3;85;chronic;50;0;0;NA;0;50;2;585.379;0,00;1149.135
TC_50_85_J7_R2;7;85;chronic;50;0;0;NA;0;50;2;233.759;0,00;1269.138
TC_08_J0_R2;0;NA;chronic;0.8;0;0;NA;0;0.8;2;25.173;0,00;61.366
TC_08_1L_J3_R2;3;1000;chronic;0.8;0;0;NA;0;0.8;2;13.428;0,00;33.275
TC_08_1L_J7_R2;7;1000;chronic;0.8;0;0;NA;0;0.8;2;5.999;0,00;39.881
TC_08_85_J3_R2;3;85;chronic;0.8;0;0;NA;0;0.8;2;19.955;0,00;34.854
TC_08_85_J7_R2;7;85;chronic;0.8;0;0;NA;0;0.8;2;2.632;0,00;30.063
BLANC_R3;NA;NA;control;0;0;0;0;0;0;3;0,00;0,00;0,00
G_CM_0-8_R3;NA;NA;range;0.2;0.6;0.8;0.2;0.6;0.2;3;1781.705;7050.531;1979.473
G_CM_0-6_R3;NA;NA;range;0.15;0.45;0.6;0.15;0.45;0.2;3;1372.837;5368.511;1910.855
G_CM_0-2_R3;NA;NA;range;0.05;0.15;0.2;0.05;0.15;0.2;3;471.721;2012.604;2071.662
G_CM_0-04_R3;NA;NA;range;0.01;0.03;0.04;0.01;0.03;0.2;3;90.932;457.633;2255.179
G_CM_0-02_R3;NA;NA;range;0.005;0.015;0.02;0.005;0.015;0.2;3;43.597;230.688;2168.226
G_M_6-5m_R3;NA;NA;range;6.5;0;0;6.5;0;1.5;3;20649.447;0,00;6115.025
G_M_5-5m_R3;NA;NA;range;5.5;0;0;5.5;0;1.5;3;18397.072;0,00;6672.083
G_M_1-5m_R3;NA;NA;range;1.5;0;0;1.5;0;1.5;3;6787.903;0,00;9232.104
G_M_0-2m_R3;NA;NA;range;0.2;0;0;0.2;0;1.5;3;1101.79;0,00;10787.827
G_M_0-1m_R3;NA;NA;range;0.1;0;0;0.1;0;1.5;3;542.882;0,00;11119.352
G_M_90u_R3;NA;NA;range;90;0;0;90;0;50;3;723.742;0,00;502.615
G_M_75u_R3;NA;NA;range;75;0;0;75;0;50;3;615.843;0,00;522.268
G_M_50u_R3;NA;NA;range;50;0;0;50;0;50;3;409.955;0,00;488.576
G_M_25u_R3;NA;NA;range;25;0;0;25;0;50;3;208.86;0,00;548.629
G_M_10u_R3;NA;NA;range;10;0;0;10;0;50;3;97.587;0,00;521.087
G_M_1-6u_R3;NA;NA;range;1.6;0;0;1.6;0;0.8;3;16.904;0,00;13.681
G_M_1-2u_R3;NA;NA;range;1.2;0;0;1.2;0;0.8;3;18.273;0,00;4.923
G_M_0-8u_R3;NA;NA;range;0.8;0;0;0.8;0;0.8;3;10.37;0,00;8.527
G_M_0-4u_R3;NA;NA;range;0.4;0;0;0.4;0;0.8;3;4.972;0,00;13.407
G_M_0-1u_R3;NA;NA;range;0.1;0;0;0.1;0;0.8;3;1.321;0,00;11.71
TA_CM_0-6_0_R3;0;NA;acute;0.15;0.45;0.6;NA;NA;0.2;3;2405.157;7662.755;2900.286
TA_CM_0-6_24_R3;1;NA;acute;0.15;0.45;0.6;NA;NA;0.2;3;2432.058;7725.851;3045.589
TA_CM_0-5_0_R3;0;NA;acute;0.125;0.375;0.5;NA;NA;0.2;3;2117.807;6699.802;2976.07
TA_CM_0-5_24_R3;1;NA;acute;0.125;0.375;0.5;NA;NA;0.2;3;2064.403;6555.544;2904.597
TA_CM_0-42_0_R3;0;NA;acute;0.105;0.315;0.42;NA;NA;0.2;3;1850.387;5843.644;3183.247
TA_CM_0-42_24_R3;1;NA;acute;0.105;0.315;0.42;NA;NA;0.2;3;1809.735;5852.53;3140.226
TA_CM_0-36_0_R3;0;NA;acute;0.09;0.27;0.36;NA;NA;0.2;3;1594.336;4996.103;3108.301
TA_CM_0-36_24_R3;1;NA;acute;0.09;0.27;0.36;NA;NA;0.2;3;1609.053;4969.363;3156.095
TA_CM_0-30_0_R3;0;NA;acute;0.075;0.225;0.30;NA;NA;0.2;3;1386.908;4431.258;3227.698
TA_CM_0-30_24_R3;1;NA;acute;0.075;0.225;0.30;NA;NA;0.2;3;1340.347;4528.763;3299.407
TA_CM_0-24_0_R3;0;NA;acute;0.06;0.18;0.24;NA;NA;0.2;3;1107.391;3740.854;3251.761
TA_CM_0-24_24_R3;1;NA;acute;0.06;0.18;0.24;NA;NA;0.2;3;1142.578;3683.725;3372.286
TA_CM_0-18_0_R3;0;NA;acute;0.045;0.135;0.18;NA;NA;0.2;3;862.053;2983.388;3392.957
TA_CM_0-18_24_R3;1;NA;acute;0.045;0.135;0.18;NA;NA;0.2;3;891.222;3044.429;3573.993
TA_CM_0-15_0_R3;0;NA;acute;0.0375;0.1125;0.15;NA;NA;0.2;3;795.997;2551.832;3287.876
TA_CM_0-15_24_R3;1;NA;acute;0.0375;0.1125;0.15;NA;NA;0.2;3;685.766;2558.157;3541.704
TA_CM_0-12_0_R3;0;NA;acute;0.03;0.09;0.12;NA;NA;0.2;3;595.347;2136.819;3551.636
TA_CM_0-12_24_R3;1;NA;acute;0.03;0.09;0.12;NA;NA;0.2;3;593.015;2065.063;3619.587
TA_CM_0-06_0_R3;0;NA;acute;0.015;0.045;0.06;NA;NA;0.2;3;332.387;1422.173;3751.798
TA_CM_0-06_24_R3;1;NA;acute;0.015;0.045;0.06;NA;NA;0.2;3;331.491;1113.121;3766.841
TA_M_5-0_0_R3;0;NA;acute;5;0;0;NA;0;1.5;3;19134.768;0,00;7632.042
TA_M_5-0_24_R3;1;NA;acute;5;0;0;NA;0;1.5;3;19231.037;0,00;7692.136
TA_M_3-75_0_R3;0;NA;acute;3.75;0;0;NA;0;1.5;3;15683.548;0,00;8496.73
TA_M_3-75_24_R3;1;NA;acute;3.75;0;0;NA;0;1.5;3;16024.388;0,00;7990.896
TA_M_3-25_0_R3;0;NA;acute;3.25;0;0;NA;0;1.5;3;14428.798;0,00;8617.941
TA_M_3-25_24_R3;1;NA;acute;3.25;0;0;NA;0;1.5;3;14228.203;0,00;8543.002
TA_M_3-0_0_R3;0;NA;acute;3.0;0;0;NA;0;1.5;3;13688.189;0,00;8953.857
TA_M_3-0_24_R3;1;NA;acute;3.0;0;0;NA;0;1.5;3;13632.643;0,00;9014.251
TA_M_2-75_0_R3;0;NA;acute;2.75;0;0;NA;0;1.5;3;12809.313;0,00;9271.574
TA_M_2-75_24_R3;1;NA;acute;2.75;0;0;NA;0;1.5;3;12735.542;0,00;9067.125
TA_M_2-25_0_R3;0;NA;acute;2.25;0;0;NA;0;1.5;3;11205.512;0,00;9499.747
TA_M_2-25_24_R3;1;NA;acute;2.25;0;0;NA;0;1.5;3;10697.276;0,00;9687.981
TA_M_2-0_0_R3;0;NA;acute;2.0;0;0;NA;0;1.5;3;10293.769;0,00;9950.564
TA_M_2-0_24_R3;1;NA;acute;2.0;0;0;NA;0;1.5;3;10231.375;0,00;10028.086
TA_M_1-75_0_R3;0;NA;acute;1.75;0;0;NA;0;1.5;3;9262.168;0,00;10269.799
TA_M_1-75_24_R3;1;NA;acute;1.75;0;0;NA;0;1.5;3;9082.392;0,00;10651.037
TA_M_1-5_0_R3;0;NA;acute;1.5;0;0;NA;0;1.5;3;7811.396;0,00;10247.94
TA_M_1-5_24_R3;1;NA;acute;1.5;0;0;NA;0;1.5;3;8339.805;0,00;10872.436
TA_M_1-25_0_R3;0;NA;acute;1.25;0;0;NA;0;1.5;3;7132.555;0,00;10971.578
TA_M_1-25_24_R3;1;NA;acute;1.25;0;0;NA;0;1.5;3;7109.029;0,00;11627.888
TA_M_1-0_0_R3;0;NA;acute;1.0;0;0;NA;0;1.5;3;6019.325;0,00;11787.146
TA_M_1-0_24_R3;1;NA;acute;1.0;0;0;NA;0;1.5;3;5781.871;0,00;12045.468
TA_M_0-75_0_R3;0;NA;acute;0.75;0;0;NA;0;1.5;3;4654.392;0,00;12034.93
TA_M_0-75_24_R3;1;NA;acute;0.75;0;0;NA;0;1.5;3;4585.944;0,00;12085.739
TA_M_0-5_0_R3;0;NA;acute;0.5;0;0;NA;0;1.5;3;3339.829;0,00;13052.856
TA_M_0-5_24_R3;1;NA;acute;0.5;0;0;NA;0;1.5;3;3339.475;0,00;12880.267
TA_M_0-25_0_R3;0;NA;acute;0.25;0;0;NA;0;1.5;3;1785.137;0,00;13663.753
TA_M_0-25_24_R3;1;NA;acute;0.25;0;0;NA;0;1.5;3;1753.465;0,00;13837.594
TC_50_J0_R3;0;NA;chronic;50;0;0;NA;0;50;3;709.787;0,00;1860.002
TC_50_1L_J3_R3;3;1000;chronic;50;0;0;NA;0;50;3;501.524;0,00;1151.161
TC_50_1L_J7_R3;7;1000;chronic;50;0;0;NA;0;50;3;201.397;0,00;1275.101
TC_50_85_J3_R3;3;85;chronic;50;0;0;NA;0;50;3;615.431;0,00;1135.697
TC_50_85_J7_R3;7;85;chronic;50;0;0;NA;0;50;3;242.521;0,00;1260.09
TC_08_J0_R3;0;NA;chronic;0.8;0;0;NA;0;0.8;3;22.523;0,00;70.864
TC_08_1L_J3_R3;3;1000;chronic;0.8;0;0;NA;0;0.8;3;15.567;0,00;37.655
TC_08_1L_J7_R3;7;1000;chronic;0.8;0;0;NA;0;0.8;3;7.977;0,00;52.119
TC_08_85_J3_R3;3;85;chronic;0.8;0;0;NA;0;0.8;3;17.871;0,00;26.248
TC_08_85_J7_R3;7;85;chronic;0.8;0;0;NA;0;0.8;3;7.685;0,00;35.007
BLANC_R4;NA;NA;control;0;0;0;0;0;0;4;0,00;0,00;0,00
G_CM_0-8_R4;NA;NA;range;0.2;0.6;0.8;0.2;0.6;0.2;4;1801.988;6870.455;1908.522
G_CM_0-6_R4;NA;NA;range;0.15;0.45;0.6;0.15;0.45;0.2;4;1319.551;5311.421;1960.662
G_CM_0-2_R4;NA;NA;range;0.05;0.15;0.2;0.05;0.15;0.2;4;481.39;1989.751;2041.263
G_CM_0-04_R4;NA;NA;range;0.01;0.03;0.04;0.01;0.03;0.2;4;97.878;446.129;2172.352
G_CM_0-02_R4;NA;NA;range;0.005;0.015;0.02;0.005;0.015;0.2;4;41.601;231.132;2220.053
G_M_6-5m_R4;NA;NA;range;6.5;0;0;6.5;0;1.5;4;20915.314;0,00;6246.284
G_M_5-5m_R4;NA;NA;range;5.5;0;0;5.5;0;1.5;4;18257.703;0,00;6740.782
G_M_1-5m_R4;NA;NA;range;1.5;0;0;1.5;0;1.5;4;6702.168;0,00;9047.275
G_M_0-2m_R4;NA;NA;range;0.2;0;0;0.2;0;1.5;4;1143.217;0,00;10823.168
G_M_0-1m_R4;NA;NA;range;0.1;0;0;0.1;0;1.5;4;550.859;0,00;10831.987
G_M_90u_R4;NA;NA;range;90;0;0;90;0;50;4;736.184;0,00;535.536
G_M_75u_R4;NA;NA;range;75;0;0;75;0;50;4;614.486;0,00;458.13
G_M_50u_R4;NA;NA;range;50;0;0;50;0;50;4;436.44;0,00;534.862
G_M_25u_R4;NA;NA;range;25;0;0;25;0;50;4;234.381;0,00;530.38
G_M_10u_R4;NA;NA;range;10;0;0;10;0;50;4;86.356;0,00;509.6
G_M_1-6u_R4;NA;NA;range;1.6;0;0;1.6;0;0.8;4;18.183;0,00;8.958
G_M_1-2u_R4;NA;NA;range;1.2;0;0;1.2;0;0.8;4;9.282;0,00;8.051
G_M_0-8u_R4;NA;NA;range;0.8;0;0;0.8;0;0.8;4;10.599;0,00;13.184
G_M_0-4u_R4;NA;NA;range;0.4;0;0;0.4;0;0.8;4;3.972;0,00;11.829
G_M_0-1u_R4;NA;NA;range;0.1;0;0;0.1;0;0.8;4;3.097;0,00;15.156
TA_CM_0-6_0_R4;0;NA;acute;0.15;0.45;0.6;NA;NA;0.2;4;2387.895;7508.696;2850.885
TA_CM_0-6_24_R4;1;NA;acute;0.15;0.45;0.6;NA;NA;0.2;4;2365.71;7328.916;2881.873
TA_CM_0-5_0_R4;0;NA;acute;0.125;0.375;0.5;NA;NA;0.2;4;2039.306;6411.978;2836.671
TA_CM_0-5_24_R4;1;NA;acute;0.125;0.375;0.5;NA;NA;0.2;4;2078.393;6495.712;2858.221
TA_CM_0-42_0_R4;0;NA;acute;0.105;0.315;0.42;NA;NA;0.2;4;1761.819;5577.008;2988.295
TA_CM_0-42_24_R4;1;NA;acute;0.105;0.315;0.42;NA;NA;0.2;4;1767.563;5505.388;3088.217
TA_CM_0-36_0_R4;0;NA;acute;0.09;0.27;0.36;NA;NA;0.2;4;1539.311;5001.616;3005.247
TA_CM_0-36_24_R4;1;NA;acute;0.09;0.27;0.36;NA;NA;0.2;4;1524.083;5022.114;3110.813
TA_CM_0-30_0_R4;0;NA;acute;0.075;0.225;0.30;NA;NA;0.2;4;1376.147;4388.579;3197.782
TA_CM_0-30_24_R4;1;NA;acute;0.075;0.225;0.30;NA;NA;0.2;4;1351.702;4305.29;3240.668
TA_CM_0-24_0_R4;0;NA;acute;0.06;0.18;0.24;NA;NA;0.2;4;1122.986;3574.186;3268.174
TA_CM_0-24_24_R4;1;NA;acute;0.06;0.18;0.24;NA;NA;0.2;4;1068.139;3643.636;3406.555
TA_CM_0-18_0_R4;0;NA;acute;0.045;0.135;0.18;NA;NA;0.2;4;864.87;2856.184;3298.316
TA_CM_0-18_24_R4;1;NA;acute;0.045;0.135;0.18;NA;NA;0.2;4;850.71;2790.875;3511.496
TA_CM_0-15_0_R4;0;NA;acute;0.0375;0.1125;0.15;NA;NA;0.2;4;770.596;2468.311;3259.033
TA_CM_0-15_24_R4;1;NA;acute;0.0375;0.1125;0.15;NA;NA;0.2;4;761.127;2432.938;3464.593
TA_CM_0-12_0_R4;0;NA;acute;0.03;0.09;0.12;NA;NA;0.2;4;570.349;2036.693;3476.575
TA_CM_0-12_24_R4;1;NA;acute;0.03;0.09;0.12;NA;NA;0.2;4;553.88;1999.534;3484.547
TA_CM_0-06_0_R4;0;NA;acute;0.015;0.045;0.06;NA;NA;0.2;4;307.994;1092.858;3591.535
TA_CM_0-06_24_R4;1;NA;acute;0.015;0.045;0.06;NA;NA;0.2;4;297.181;1069.728;3654.083
TA_M_5-0_0_R4;0;NA;acute;5;0;0;NA;0;1.5;4;19030.705;0,00;7512.905
TA_M_5-0_24_R4;1;NA;acute;5;0;0;NA;0;1.5;4;19149.074;0,00;7519.764
TA_M_3-75_0_R4;0;NA;acute;3.75;0;0;NA;0;1.5;4;15580.798;0,00;8456.543
TA_M_3-75_24_R4;1;NA;acute;3.75;0;0;NA;0;1.5;4;15673.86;0,00;7782.559
TA_M_3-25_0_R4;0;NA;acute;3.25;0;0;NA;0;1.5;4;14069.427;0,00;8538.005
TA_M_3-25_24_R4;1;NA;acute;3.25;0;0;NA;0;1.5;4;14080.766;0,00;8560.114
TA_M_3-0_0_R4;0;NA;acute;3.0;0;0;NA;0;1.5;4;13357.135;0,00;8860.327
TA_M_3-0_24_R4;1;NA;acute;3.0;0;0;NA;0;1.5;4;13227.774;0,00;8684.54
TA_M_2-75_0_R4;0;NA;acute;2.75;0;0;NA;0;1.5;4;12390.5;0,00;9109.297
TA_M_2-75_24_R4;1;NA;acute;2.75;0;0;NA;0;1.5;4;12283.741;0,00;8864.351
TA_M_2-25_0_R4;0;NA;acute;2.25;0;0;NA;0;1.5;4;10872.553;0,00;9325.75
TA_M_2-25_24_R4;1;NA;acute;2.25;0;0;NA;0;1.5;4;10510.131;0,00;9568.221
TA_M_2-0_0_R4;0;NA;acute;2.0;0;0;NA;0;1.5;4;9943.16;0,00;9658.695
TA_M_2-0_24_R4;1;NA;acute;2.0;0;0;NA;0;1.5;4;9765.047;0,00;9764.206
TA_M_1-75_0_R4;0;NA;acute;1.75;0;0;NA;0;1.5;4;9091.763;0,00;10220.889
TA_M_1-75_24_R4;1;NA;acute;1.75;0;0;NA;0;1.5;4;8941.499;0,00;10198.128
TA_M_1-5_0_R4;0;NA;acute;1.5;0;0;NA;0;1.5;4;7619.998;0,00;10052.987
TA_M_1-5_24_R4;1;NA;acute;1.5;0;0;NA;0;1.5;4;7991.809;0,00;10688.921
TA_M_1-25_0_R4;0;NA;acute;1.25;0;0;NA;0;1.5;4;6853.995;0,00;10473.691
TA_M_1-25_24_R4;1;NA;acute;1.25;0;0;NA;0;1.5;4;6888.497;0,00;11083.501
TA_M_1-0_0_R4;0;NA;acute;1.0;0;0;NA;0;1.5;4;5750.00;0,00;11170.525
TA_M_1-0_24_R4;1;NA;acute;1.0;0;0;NA;0;1.5;4;5612.712;0,00;11540.134
TA_M_0-75_0_R4;0;NA;acute;0.75;0;0;NA;0;1.5;4;4431.542;0,00;11950.696
TA_M_0-75_24_R4;1;NA;acute;0.75;0;0;NA;0;1.5;4;4413.991;0,00;11810.319
TA_M_0-5_0_R4;0;NA;acute;0.5;0;0;NA;0;1.5;4;3127.726;0,00;12307.699
TA_M_0-5_24_R4;1;NA;acute;0.5;0;0;NA;0;1.5;4;3156.266;0,00;12391.26
TA_M_0-25_0_R4;0;NA;acute;0.25;0;0;NA;0;1.5;4;1722.203;0,00;13223.001
TA_M_0-25_24_R4;1;NA;acute;0.25;0;0;NA;0;1.5;4;1758.05;0,00;13257.088
TC_50_J0_R4;0;NA;chronic;50;0;0;NA;0;50;4;681.039;0,00;1732.607
TC_50_1L_J3_R4;3;1000;chronic;50;0;0;NA;0;50;4;480.477;0,00;1094.001
TC_50_1L_J7_R4;7;1000;chronic;50;0;0;NA;0;50;4;211.305;0,00;1174.329
TC_50_85_J3_R4;3;85;chronic;50;0;0;NA;0;50;4;551.634;0,00;1076.594
TC_50_85_J7_R4;7;85;chronic;50;0;0;NA;0;50;4;199.759;0,00;1169.115
TC_08_J0_R4;0;NA;chronic;0.8;0;0;NA;0;0.8;4;28.489;0,00;67.878
TC_08_1L_J3_R4;3;1000;chronic;0.8;0;0;NA;0;0.8;4;16.156;0,00;32.888
TC_08_1L_J7_R4;7;1000;chronic;0.8;0;0;NA;0;0.8;4;6.293;0,00;34.198
TC_08_85_J3_R4;3;85;chronic;0.8;0;0;NA;0;0.8;4;18.68;0,00;34.531
TC_08_85_J7_R4;7;85;chronic;0.8;0;0;NA;0;0.8;4;1.837;0,00;39.535
BLANC_R5;NA;NA;control;0;0;0;0;0;0;5;0,00;0,00;0,00
G_CM_0-8_R5;NA;NA;range;0.2;0.6;0.8;0.2;0.6;0.2;5;1658.714;6463.125;1792.526
G_CM_0-6_R5;NA;NA;range;0.15;0.45;0.6;0.15;0.45;0.2;5;1202.534;4871.496;1894.345
G_CM_0-2_R5;NA;NA;range;0.05;0.15;0.2;0.05;0.15;0.2;5;434.845;1842.217;1901.981
G_CM_0-04_R5;NA;NA;range;0.01;0.03;0.04;0.01;0.03;0.2;5;101.713;401.635;2048.115
G_CM_0-02_R5;NA;NA;range;0.005;0.015;0.02;0.005;0.015;0.2;5;34.672;219.581;2092.623
G_M_6-5m_R5;NA;NA;range;6.5;0;0;6.5;0;1.5;5;19876.486;0,00;6027.368
G_M_5-5m_R5;NA;NA;range;5.5;0;0;5.5;0;1.5;5;17112.193;0,00;6292.568
G_M_1-5m_R5;NA;NA;range;1.5;0;0;1.5;0;1.5;5;6343.899;0,00;8556.286
G_M_0-2m_R5;NA;NA;range;0.2;0;0;0.2;0;1.5;5;1047.905;0,00;10065.756
G_M_0-1m_R5;NA;NA;range;0.1;0;0;0.1;0;1.5;5;539.073;0,00;10402.154
G_M_90u_R5;NA;NA;range;90;0;0;90;0;50;5;717.773;0,00;472.362
G_M_75u_R5;NA;NA;range;75;0;0;75;0;50;5;580.834;0,00;470.692
G_M_50u_R5;NA;NA;range;50;0;0;50;0;50;5;394.689;0,00;490.128
G_M_25u_R5;NA;NA;range;25;0;0;25;0;50;5;204.275;0,00;496.907
G_M_10u_R5;NA;NA;range;10;0;0;10;0;50;5;73.021;0,00;515.209
G_M_1-6u_R5;NA;NA;range;1.6;0;0;1.6;0;0.8;5;12.399;0,00;6.546
G_M_1-2u_R5;NA;NA;range;1.2;0;0;1.2;0;0.8;5;9.128;0,00;13.35
G_M_0-8u_R5;NA;NA;range;0.8;0;0;0.8;0;0.8;5;8.127;0,00;13.468
G_M_0-4u_R5;NA;NA;range;0.4;0;0;0.4;0;0.8;5;5.338;0,00;9.818
G_M_0-1u_R5;NA;NA;range;0.1;0;0;0.1;0;0.8;5;0.728;0,00;7.23
TA_CM_0-6_0_R5;0;NA;acute;0.15;0.45;0.6;NA;NA;0.2;5;2293.782;7058.666;2725.79
TA_CM_0-6_24_R5;1;NA;acute;0.15;0.45;0.6;NA;NA;0.2;5;2233.979;6982.152;2782.122
TA_CM_0-5_0_R5;0;NA;acute;0.125;0.375;0.5;NA;NA;0.2;5;1933.14;6116.328;2771.802
TA_CM_0-5_24_R5;1;NA;acute;0.125;0.375;0.5;NA;NA;0.2;5;1926.054;6059.781;2733.707
TA_CM_0-42_0_R5;0;NA;acute;0.105;0.315;0.42;NA;NA;0.2;5;1747.745;5353.228;2808.899
TA_CM_0-42_24_R5;1;NA;acute;0.105;0.315;0.42;NA;NA;0.2;5;1694.212;5291.103;2916.225
TA_CM_0-36_0_R5;0;NA;acute;0.09;0.27;0.36;NA;NA;0.2;5;1540.899;4779.185;2885.762
TA_CM_0-36_24_R5;1;NA;acute;0.09;0.27;0.36;NA;NA;0.2;5;1499.789;4735.081;3018.351
TA_CM_0-30_0_R5;0;NA;acute;0.075;0.225;0.30;NA;NA;0.2;5;1285.872;4072.219;3087.25
TA_CM_0-30_24_R5;1;NA;acute;0.075;0.225;0.30;NA;NA;0.2;5;1298.073;4080.852;3160.662
TA_CM_0-24_0_R5;0;NA;acute;0.06;0.18;0.24;NA;NA;0.2;5;1098.44;3394.139;3036.496
TA_CM_0-24_24_R5;1;NA;acute;0.06;0.18;0.24;NA;NA;0.2;5;1046.546;3368.651;3234.477
TA_CM_0-18_0_R5;0;NA;acute;0.045;0.135;0.18;NA;NA;0.2;5;851.19;2694.382;3139.897
TA_CM_0-18_24_R5;1;NA;acute;0.045;0.135;0.18;NA;NA;0.2;5;852.982;2705.257;3454.814
TA_CM_0-15_0_R5;0;NA;acute;0.0375;0.1125;0.15;NA;NA;0.2;5;710.689;2377.592;3155.967
TA_CM_0-15_24_R5;1;NA;acute;0.0375;0.1125;0.15;NA;NA;0.2;5;655.873;2391.297;3389.26
TA_CM_0-12_0_R5;0;NA;acute;0.03;0.09;0.12;NA;NA;0.2;5;582.811;1960.921;3469.732
TA_CM_0-12_24_R5;1;NA;acute;0.03;0.09;0.12;NA;NA;0.2;5;558.157;1975.151;3372.041
TA_CM_0-06_0_R5;0;NA;acute;0.015;0.045;0.06;NA;NA;0.2;5;289.749;1067.547;3531.772
TA_CM_0-06_24_R5;1;NA;acute;0.015;0.045;0.06;NA;NA;0.2;5;289.885;993.563;3638.286
TA_M_5-0_0_R5;0;NA;acute;5;0;0;NA;0;1.5;5;18581.123;0,00;7289.854
TA_M_5-0_24_R5;1;NA;acute;5;0;0;NA;0;1.5;5;18619.182;0,00;7432.563
TA_M_3-75_0_R5;0;NA;acute;3.75;0;0;NA;0;1.5;5;15142.475;0,00;8285.253
TA_M_3-75_24_R5;1;NA;acute;3.75;0;0;NA;0;1.5;5;15088.136;0,00;7660.9
TA_M_3-25_0_R5;0;NA;acute;3.25;0;0;NA;0;1.5;5;13556.975;0,00;8192.997
TA_M_3-25_24_R5;1;NA;acute;3.25;0;0;NA;0;1.5;5;13565.766;0,00;8294.125
TA_M_3-0_0_R5;0;NA;acute;3.0;0;0;NA;0;1.5;5;12826.322;0,00;8454.56
TA_M_3-0_24_R5;1;NA;acute;3.0;0;0;NA;0;1.5;5;12922.2;0,00;8511.929
TA_M_2-75_0_R5;0;NA;acute;2.75;0;0;NA;0;1.5;5;12247.079;0,00;8863.187
TA_M_2-75_24_R5;1;NA;acute;2.75;0;0;NA;0;1.5;5;12105.546;0,00;8580.729
TA_M_2-25_0_R5;0;NA;acute;2.25;0;0;NA;0;1.5;5;10530.604;0,00;8864.563
TA_M_2-25_24_R5;1;NA;acute;2.25;0;0;NA;0;1.5;5;10560.033;0,00;9344.152
TA_M_2-0_0_R5;0;NA;acute;2.0;0;0;NA;0;1.5;5;9583.213;0,00;9369.691
TA_M_2-0_24_R5;1;NA;acute;2.0;0;0;NA;0;1.5;5;9840.897;0,00;9604.52
TA_M_1-75_0_R5;0;NA;acute;1.75;0;0;NA;0;1.5;5;8676.579;0,00;9614.303
TA_M_1-75_24_R5;1;NA;acute;1.75;0;0;NA;0;1.5;5;8684.752;0,00;9971.161
TA_M_1-5_0_R5;0;NA;acute;1.5;0;0;NA;0;1.5;5;7387.857;0,00;9671.925
TA_M_1-5_24_R5;1;NA;acute;1.5;0;0;NA;0;1.5;5;7686.344;0,00;10284.693
TA_M_1-25_0_R5;0;NA;acute;1.25;0;0;NA;0;1.5;5;6790.595;0,00;10570.039
TA_M_1-25_24_R5;1;NA;acute;1.25;0;0;NA;0;1.5;5;6673.379;0,00;10899.511
TA_M_1-0_0_R5;0;NA;acute;1.0;0;0;NA;0;1.5;5;5675.403;0,00;11004.909
TA_M_1-0_24_R5;1;NA;acute;1.0;0;0;NA;0;1.5;5;5475.597;0,00;11283.027
TA_M_0-75_0_R5;0;NA;acute;0.75;0;0;NA;0;1.5;5;4447.412;0,00;11469.213
TA_M_0-75_24_R5;1;NA;acute;0.75;0;0;NA;0;1.5;5;4441.04;0,00;11546.773
TA_M_0-5_0_R5;0;NA;acute;0.5;0;0;NA;0;1.5;5;3186.72;0,00;12246.339
TA_M_0-5_24_R5;1;NA;acute;0.5;0;0;NA;0;1.5;5;3059.519;0,00;12001.609
TA_M_0-25_0_R5;0;NA;acute;0.25;0;0;NA;0;1.5;5;1672.199;0,00;12977.347
TA_M_0-25_24_R5;1;NA;acute;0.25;0;0;NA;0;1.5;5;1583.636;0,00;12818.379
TC_50_J0_R5;0;NA;chronic;50;0;0;NA;0;50;5;675.537;0,00;1735.384
TC_50_1L_J3_R5;3;1000;chronic;50;0;0;NA;0;50;5;472.028;0,00;1102.873
TC_50_1L_J7_R5;7;1000;chronic;50;0;0;NA;0;50;5;211.88;0,00;1156.115
TC_50_85_J3_R5;3;85;chronic;50;0;0;NA;0;50;5;628.411;0,00;1100.975
TC_50_85_J7_R5;7;85;chronic;50;0;0;NA;0;50;5;227.887;0,00;1134.986
TC_08_J0_R5;0;NA;chronic;0.8;0;0;NA;0;0.8;5;22.448;0,00;63.281
TC_08_1L_J3_R5;3;1000;chronic;0.8;0;0;NA;0;0.8;5;15.26;0,00;25.945
TC_08_1L_J7_R5;7;1000;chronic;0.8;0;0;NA;0;0.8;5;5.738;0,00;29.168
TC_08_85_J3_R5;3;85;chronic;0.8;0;0;NA;0;0.8;5;19.287;0,00;47.943
TC_08_85_J7_R5;7;85;chronic;0.8;0;0;NA;0;0.8;5;6.314;0,00;33.826
BLANC_R6;NA;NA;control;0;0;0;0;0;0;6;0,00;0,00;0,00
G_CM_0-8_R6;NA;NA;range;0.2;0.6;0.8;0.2;0.6;0.2;6;1671.23;6735.119;1874.488
G_CM_0-6_R6;NA;NA;range;0.15;0.45;0.6;0.15;0.45;0.2;6;1222.24;5074.427;1857.716
G_CM_0-2_R6;NA;NA;range;0.05;0.15;0.2;0.05;0.15;0.2;6;445.448;1866.866;1975.226
G_CM_0-04_R6;NA;NA;range;0.01;0.03;0.04;0.01;0.03;0.2;6;99.271;431.646;2075.803
G_CM_0-02_R6;NA;NA;range;0.005;0.015;0.02;0.005;0.015;0.2;6;51.51;220.08;2052.381
G_M_6-5m_R6;NA;NA;range;6.5;0;0;6.5;0;1.5;6;19308.461;0,00;5862.462
G_M_5-5m_R6;NA;NA;range;5.5;0;0;5.5;0;1.5;6;17172.494;0,00;6299.791
G_M_1-5m_R6;NA;NA;range;1.5;0;0;1.5;0;1.5;6;6142.912;0,00;8501.721
G_M_0-2m_R6;NA;NA;range;0.2;0;0;0.2;0;1.5;6;1076.088;0,00;10096.834
G_M_0-1m_R6;NA;NA;range;0.1;0;0;0.1;0;1.5;6;517.949;0,00;10169.859
G_M_90u_R6;NA;NA;range;90;0;0;90;0;50;6;655.597;0,00;466.082
G_M_75u_R6;NA;NA;range;75;0;0;75;0;50;6;577.203;0,00;507.776
G_M_50u_R6;NA;NA;range;50;0;0;50;0;50;6;411.559;0,00;461.896
G_M_25u_R6;NA;NA;range;25;0;0;25;0;50;6;195.832;0,00;510.355
G_M_10u_R6;NA;NA;range;10;0;0;10;0;50;6;88.022;0,00;486.794
G_M_1-6u_R6;NA;NA;range;1.6;0;0;1.6;0;0.8;6;19.042;0,00;0,00
G_M_1-2u_R6;NA;NA;range;1.2;0;0;1.2;0;0.8;6;12.067;0,00;10.171
G_M_0-8u_R6;NA;NA;range;0.8;0;0;0.8;0;0.8;6;1.489;0,00;14.301
G_M_0-4u_R6;NA;NA;range;0.4;0;0;0.4;0;0.8;6;0.582;0,00;10.288
G_M_0-1u_R6;NA;NA;range;0.1;0;0;0.1;0;0.8;6;1.518;0,00;9.127
TA_CM_0-6_0_R6;0;NA;acute;0.15;0.45;0.6;NA;NA;0.2;6;2239.318;7011.544;2830.494
TA_CM_0-6_24_R6;1;NA;acute;0.15;0.45;0.6;NA;NA;0.2;6;2162.819;6984.938;2803.575
TA_CM_0-5_0_R6;0;NA;acute;0.125;0.375;0.5;NA;NA;0.2;6;1968.096;6147.915;2758.121
TA_CM_0-5_24_R6;1;NA;acute;0.125;0.375;0.5;NA;NA;0.2;6;1876.938;6069.2;2672.794
TA_CM_0-42_0_R6;0;NA;acute;0.105;0.315;0.42;NA;NA;0.2;6;1733.374;5309.272;2844.154
TA_CM_0-42_24_R6;1;NA;acute;0.105;0.315;0.42;NA;NA;0.2;6;1637.566;5265.524;2873.105
TA_CM_0-36_0_R6;0;NA;acute;0.09;0.27;0.36;NA;NA;0.2;6;1490.282;4636.572;2963.7
TA_CM_0-36_24_R6;1;NA;acute;0.09;0.27;0.36;NA;NA;0.2;6;1503.951;4733.425;2978.679
TA_CM_0-30_0_R6;0;NA;acute;0.075;0.225;0.30;NA;NA;0.2;6;1304.117;4024.195;3110.327
TA_CM_0-30_24_R6;1;NA;acute;0.075;0.225;0.30;NA;NA;0.2;6;1317.677;4050.469;3105.504
TA_CM_0-24_0_R6;0;NA;acute;0.06;0.18;0.24;NA;NA;0.2;6;1025.866;3306.31;3053.071
TA_CM_0-24_24_R6;1;NA;acute;0.06;0.18;0.24;NA;NA;0.2;6;1031.446;3371.984;3216.191
TA_CM_0-18_0_R6;0;NA;acute;0.045;0.135;0.18;NA;NA;0.2;6;857.223;2618.05;3136.907
TA_CM_0-18_24_R6;1;NA;acute;0.045;0.135;0.18;NA;NA;0.2;6;762.071;2607.762;3385.463
TA_CM_0-15_0_R6;0;NA;acute;0.0375;0.1125;0.15;NA;NA;0.2;6;726.309;2248.628;3062.987
TA_CM_0-15_24_R6;1;NA;acute;0.0375;0.1125;0.15;NA;NA;0.2;6;718.271;2296.526;3333.362
TA_CM_0-12_0_R6;0;NA;acute;0.03;0.09;0.12;NA;NA;0.2;6;580.633;1852.342;3264.218
TA_CM_0-12_24_R6;1;NA;acute;0.03;0.09;0.12;NA;NA;0.2;6;568.161;1887.246;3338.523
TA_CM_0-06_0_R6;0;NA;acute;0.015;0.045;0.06;NA;NA;0.2;6;281.023;1013.635;3305.479
TA_CM_0-06_24_R6;1;NA;acute;0.015;0.045;0.06;NA;NA;0.2;6;258.047;972.491;3458.2
TA_M_5-0_0_R6;0;NA;acute;5;0;0;NA;0;1.5;6;18188.135;0,00;7203.346
TA_M_5-0_24_R6;1;NA;acute;5;0;0;NA;0;1.5;6;17900.336;0,00;6995.629
TA_M_3-75_0_R6;0;NA;acute;3.75;0;0;NA;0;1.5;6;14875.952;0,00;8054.568
TA_M_3-75_24_R6;1;NA;acute;3.75;0;0;NA;0;1.5;6;14792.895;0,00;7470.013
TA_M_3-25_0_R6;0;NA;acute;3.25;0;0;NA;0;1.5;6;13561.119;0,00;8146.854
TA_M_3-25_24_R6;1;NA;acute;3.25;0;0;NA;0;1.5;6;13287.801;0,00;8046.344
TA_M_3-0_0_R6;0;NA;acute;3.0;0;0;NA;0;1.5;6;12647.68;0,00;8407.715
TA_M_3-0_24_R6;1;NA;acute;3.0;0;0;NA;0;1.5;6;12552.654;0,00;8306.593
TA_M_2-75_0_R6;0;NA;acute;2.75;0;0;NA;0;1.5;6;11675.565;0,00;8440.88
TA_M_2-75_24_R6;1;NA;acute;2.75;0;0;NA;0;1.5;6;11877.474;0,00;8392.811
TA_M_2-25_0_R6;0;NA;acute;2.25;0;0;NA;0;1.5;6;10396.098;0,00;8700.983
TA_M_2-25_24_R6;1;NA;acute;2.25;0;0;NA;0;1.5;6;9742.813;0,00;8824.665
TA_M_2-0_0_R6;0;NA;acute;2.0;0;0;NA;0;1.5;6;9132.781;0,00;9013.47
TA_M_2-0_24_R6;1;NA;acute;2.0;0;0;NA;0;1.5;6;9417.504;0,00;9251.956
TA_M_1-75_0_R6;0;NA;acute;1.75;0;0;NA;0;1.5;6;8392.587;0,00;9228.604
TA_M_1-75_24_R6;1;NA;acute;1.75;0;0;NA;0;1.5;6;8240.563;0,00;9626.697
TA_M_1-5_0_R6;0;NA;acute;1.5;0;0;NA;0;1.5;6;7349.548;0,00;9573.526
TA_M_1-5_24_R6;1;NA;acute;1.5;0;0;NA;0;1.5;6;7505.367;0,00;9908.312
TA_M_1-25_0_R6;0;NA;acute;1.25;0;0;NA;0;1.5;6;6490.409;0,00;10224.688
TA_M_1-25_24_R6;1;NA;acute;1.25;0;0;NA;0;1.5;6;6477.825;0,00;10425.315
TA_M_1-0_0_R6;0;NA;acute;1.0;0;0;NA;0;1.5;6;5345.919;0,00;10706.953
TA_M_1-0_24_R6;1;NA;acute;1.0;0;0;NA;0;1.5;6;5318.401;0,00;11052.479
TA_M_0-75_0_R6;0;NA;acute;0.75;0;0;NA;0;1.5;6;4282.89;0,00;11129.183
TA_M_0-75_24_R6;1;NA;acute;0.75;0;0;NA;0;1.5;6;4332.96;0,00;11132.827
TA_M_0-5_0_R6;0;NA;acute;0.5;0;0;NA;0;1.5;6;3013.919;0,00;11989.567
TA_M_0-5_24_R6;1;NA;acute;0.5;0;0;NA;0;1.5;6;2979.391;0,00;11563.253
TA_M_0-25_0_R6;0;NA;acute;0.25;0;0;NA;0;1.5;6;1655.122;0,00;12744.741
TA_M_0-25_24_R6;1;NA;acute;0.25;0;0;NA;0;1.5;6;1494.151;0,00;12425.813
TC_50_J0_R6;0;NA;chronic;50;0;0;NA;0;50;6;705.215;0,00;1727.114
TC_50_1L_J3_R6;3;1000;chronic;50;0;0;NA;0;50;6;430.474;0,00;1069.697
TC_50_1L_J7_R6;7;1000;chronic;50;0;0;NA;0;50;6;187.822;0,00;1095.107
TC_50_85_J3_R6;3;85;chronic;50;0;0;NA;0;50;6;534.136;0,00;1032.976
TC_50_85_J7_R6;7;85;chronic;50;0;0;NA;0;50;6;221.577;0,00;1128.292
TC_08_J0_R6;0;NA;chronic;0.8;0;0;NA;0;0.8;6;20.874;0,00;58.01
TC_08_1L_J3_R6;3;1000;chronic;0.8;0;0;NA;0;0.8;6;15.137;0,00;20.927
TC_08_1L_J7_R6;7;1000;chronic;0.8;0;0;NA;0;0.8;6;9.308;0,00;44.024
TC_08_85_J3_R6;3;85;chronic;0.8;0;0;NA;0;0.8;6;14.235;0,00;27.992
TC_08_85_J7_R6;7;85;chronic;0.8;0;0;NA;0;0.8;6;2.847;0,00;31.635
BLANC_R7;NA;NA;control;0;0;0;0;0;0;7;0,00;0,00;0,00
G_CM_0-8_R7;NA;NA;range;0.2;0.6;0.8;0.2;0.6;0.2;7;1599.48;6359.908;1714.504
G_CM_0-6_R7;NA;NA;range;0.15;0.45;0.6;0.15;0.45;0.2;7;1256.497;4879.734;1833.226
G_CM_0-2_R7;NA;NA;range;0.05;0.15;0.2;0.05;0.15;0.2;7;427.144;1828.192;1922.757
G_CM_0-04_R7;NA;NA;range;0.01;0.03;0.04;0.01;0.03;0.2;7;86.1;387.264;1966.517
G_CM_0-02_R7;NA;NA;range;0.005;0.015;0.02;0.005;0.015;0.2;7;43.904;219.317;1908.701
G_M_6-5m_R7;NA;NA;range;6.5;0;0;6.5;0;1.5;7;19134.393;0,00;5710.616
G_M_5-5m_R7;NA;NA;range;5.5;0;0;5.5;0;1.5;7;16310.336;0,00;5973.566
G_M_1-5m_R7;NA;NA;range;1.5;0;0;1.5;0;1.5;7;5940.485;0,00;8170.058
G_M_0-2m_R7;NA;NA;range;0.2;0;0;0.2;0;1.5;7;1011.489;0,00;9801.133
G_M_0-1m_R7;NA;NA;range;0.1;0;0;0.1;0;1.5;7;529.057;0,00;10115.651
G_M_90u_R7;NA;NA;range;90;0;0;90;0;50;7;663.607;0,00;454.759
G_M_75u_R7;NA;NA;range;75;0;0;75;0;50;7;547.425;0,00;479.909
G_M_50u_R7;NA;NA;range;50;0;0;50;0;50;7;383.208;0,00;490.098
G_M_25u_R7;NA;NA;range;25;0;0;25;0;50;7;184.386;0,00;495.443
G_M_10u_R7;NA;NA;range;10;0;0;10;0;50;7;83.983;0,00;515.341
G_M_1-6u_R7;NA;NA;range;1.6;0;0;1.6;0;0.8;7;11.634;0,00;3.905
G_M_1-2u_R7;NA;NA;range;1.2;0;0;1.2;0;0.8;7;12.323;0,00;8.125
G_M_0-8u_R7;NA;NA;range;0.8;0;0;0.8;0;0.8;7;5.224;0,00;8.628
G_M_0-4u_R7;NA;NA;range;0.4;0;0;0.4;0;0.8;7;3.951;0,00;11.613
G_M_0-1u_R7;NA;NA;range;0.1;0;0;0.1;0;0.8;7;0.767;0,00;10.539
TA_CM_0-6_0_R7;0;NA;acute;0.15;0.45;0.6;NA;NA;0.2;7;2192.376;6568.761;2518.973
TA_CM_0-6_24_R7;1;NA;acute;0.15;0.45;0.6;NA;NA;0.2;7;2094.543;6592.127;2628.725
TA_CM_0-5_0_R7;0;NA;acute;0.125;0.375;0.5;NA;NA;0.2;7;1813.061;5646.403;2621.633
TA_CM_0-5_24_R7;1;NA;acute;0.125;0.375;0.5;NA;NA;0.2;7;1833.736;5758.686;2641.961
TA_CM_0-42_0_R7;0;NA;acute;0.105;0.315;0.42;NA;NA;0.2;7;1630.092;4966.638;2766.823
TA_CM_0-42_24_R7;1;NA;acute;0.105;0.315;0.42;NA;NA;0.2;7;1564.612;4853.404;2696.635
TA_CM_0-36_0_R7;0;NA;acute;0.09;0.27;0.36;NA;NA;0.2;7;1420.959;4289.825;2727.134
TA_CM_0-36_24_R7;1;NA;acute;0.09;0.27;0.36;NA;NA;0.2;7;1453.332;4472.996;2870.042
TA_CM_0-30_0_R7;0;NA;acute;0.075;0.225;0.30;NA;NA;0.2;7;1235.892;3714.74;2827.458
TA_CM_0-30_24_R7;1;NA;acute;0.075;0.225;0.30;NA;NA;0.2;7;1233.44;3799.633;2960.569
TA_CM_0-24_0_R7;0;NA;acute;0.06;0.18;0.24;NA;NA;0.2;7;994.499;3122.518;2929.957
TA_CM_0-24_24_R7;1;NA;acute;0.06;0.18;0.24;NA;NA;0.2;7;976.634;3165.674;3032.241
TA_CM_0-18_0_R7;0;NA;acute;0.045;0.135;0.18;NA;NA;0.2;7;799.043;2592.111;3025.449
TA_CM_0-18_24_R7;1;NA;acute;0.045;0.135;0.18;NA;NA;0.2;7;688.897;2525.612;3185.938
TA_CM_0-15_0_R7;0;NA;acute;0.0375;0.1125;0.15;NA;NA;0.2;7;667.418;2131.312;2959.429
TA_CM_0-15_24_R7;1;NA;acute;0.0375;0.1125;0.15;NA;NA;0.2;7;662.313;2111.9;3189.377
TA_CM_0-12_0_R7;0;NA;acute;0.03;0.09;0.12;NA;NA;0.2;7;502.261;1721.297;3130.321
TA_CM_0-12_24_R7;1;NA;acute;0.03;0.09;0.12;NA;NA;0.2;7;529.86;1738.973;3307.543
TA_CM_0-06_0_R7;0;NA;acute;0.015;0.045;0.06;NA;NA;0.2;7;282.745;928.211;3236.759
TA_CM_0-06_24_R7;1;NA;acute;0.015;0.045;0.06;NA;NA;0.2;7;282.144;878.168;3261.032
TA_M_5-0_0_R7;0;NA;acute;5;0;0;NA;0;1.5;7;17101.758;0,00;6890.205
TA_M_5-0_24_R7;1;NA;acute;5;0;0;NA;0;1.5;7;17034.926;0,00;6935.686
TA_M_3-75_0_R7;0;NA;acute;3.75;0;0;NA;0;1.5;7;14479.312;0,00;7844.057
TA_M_3-75_24_R7;1;NA;acute;3.75;0;0;NA;0;1.5;7;14712.945;0,00;7332.698
TA_M_3-25_0_R7;0;NA;acute;3.25;0;0;NA;0;1.5;7;13107.872;0,00;8008.85
TA_M_3-25_24_R7;1;NA;acute;3.25;0;0;NA;0;1.5;7;13055.562;0,00;8059.249
TA_M_3-0_0_R7;0;NA;acute;3.0;0;0;NA;0;1.5;7;12525.484;0,00;8361.833
TA_M_3-0_24_R7;1;NA;acute;3.0;0;0;NA;0;1.5;7;12305.164;0,00;8108.045
TA_M_2-75_0_R7;0;NA;acute;2.75;0;0;NA;0;1.5;7;11448.845;0,00;8436.217
TA_M_2-75_24_R7;1;NA;acute;2.75;0;0;NA;0;1.5;7;11632.96;0,00;8388.738
TA_M_2-25_0_R7;0;NA;acute;2.25;0;0;NA;0;1.5;7;10169.907;0,00;8771.511
TA_M_2-25_24_R7;1;NA;acute;2.25;0;0;NA;0;1.5;7;9950.635;0,00;8949.228
TA_M_2-0_0_R7;0;NA;acute;2.0;0;0;NA;0;1.5;7;9328.708;0,00;9026.896
TA_M_2-0_24_R7;1;NA;acute;2.0;0;0;NA;0;1.5;7;9184.879;0,00;9029.692
TA_M_1-75_0_R7;0;NA;acute;1.75;0;0;NA;0;1.5;7;8447.85;0,00;9360.903
TA_M_1-75_24_R7;1;NA;acute;1.75;0;0;NA;0;1.5;7;8273.012;0,00;9762.328
TA_M_1-5_0_R7;0;NA;acute;1.5;0;0;NA;0;1.5;7;7032.489;0,00;9234.275
TA_M_1-5_24_R7;1;NA;acute;1.5;0;0;NA;0;1.5;7;7505.212;0,00;9905.654
TA_M_1-25_0_R7;0;NA;acute;1.25;0;0;NA;0;1.5;7;6383.444;0,00;9909.032
TA_M_1-25_24_R7;1;NA;acute;1.25;0;0;NA;0;1.5;7;6305.49;0,00;10404.503
TA_M_1-0_0_R7;0;NA;acute;1.0;0;0;NA;0;1.5;7;5161.088;0,00;10167.96
TA_M_1-0_24_R7;1;NA;acute;1.0;0;0;NA;0;1.5;7;5195.494;0,00;10651.563
TA_M_0-75_0_R7;0;NA;acute;0.75;0;0;NA;0;1.5;7;4087.339;0,00;10827.915
TA_M_0-75_24_R7;1;NA;acute;0.75;0;0;NA;0;1.5;7;3997.355;0,00;10592.532
TA_M_0-5_0_R7;0;NA;acute;0.5;0;0;NA;0;1.5;7;2730.829;0,00;11073.924
TA_M_0-5_24_R7;1;NA;acute;0.5;0;0;NA;0;1.5;7;2879.686;0,00;11355.537
TA_M_0-25_0_R7;0;NA;acute;0.25;0;0;NA;0;1.5;7;1491.852;0,00;12190.135
TA_M_0-25_24_R7;1;NA;acute;0.25;0;0;NA;0;1.5;7;1578.892;0,00;12236.812
TC_50_J0_R7;0;NA;chronic;50;0;0;NA;0;50;7;603.411;0,00;1702.783
TC_50_1L_J3_R7;3;1000;chronic;50;0;0;NA;0;50;7;443.48;0,00;1051.02
TC_50_1L_J7_R7;7;1000;chronic;50;0;0;NA;0;50;7;174.829;0,00;1112.04
TC_50_85_J3_R7;3;85;chronic;50;0;0;NA;0;50;7;542.824;0,00;1003.189
TC_50_85_J7_R7;7;85;chronic;50;0;0;NA;0;50;7;215.374;0,00;1072.588
TC_08_J0_R7;0;NA;chronic;0.8;0;0;NA;0;0.8;7;23.13;0,00;62.003
TC_08_1L_J3_R7;3;1000;chronic;0.8;0;0;NA;0;0.8;7;14.787;0,00;46.317
TC_08_1L_J7_R7;7;1000;chronic;0.8;0;0;NA;0;0.8;7;8.15;0,00;44.008
TC_08_85_J3_R7;3;85;chronic;0.8;0;0;NA;0;0.8;7;18.63;0,00;24.484
TC_08_85_J7_R7;7;85;chronic;0.8;0;0;NA;0;0.8;7;4.948;0,00;41.607
BLANC_R8;NA;NA;control;0;0;0;0;0;0;8;0,00;0,00;0,00
G_CM_0-8_R8;NA;NA;range;0.2;0.6;0.8;0.2;0.6;0.2;8;1577.105;6383.614;1757.029
G_CM_0-6_R8;NA;NA;range;0.15;0.45;0.6;0.15;0.45;0.2;8;1162.295;4659.72;1772.319
G_CM_0-2_R8;NA;NA;range;0.05;0.15;0.2;0.05;0.15;0.2;8;405.951;1828.13;1845.977
G_CM_0-04_R8;NA;NA;range;0.01;0.03;0.04;0.01;0.03;0.2;8;77.377;379.433;1918.965
G_CM_0-02_R8;NA;NA;range;0.005;0.015;0.02;0.005;0.015;0.2;8;39.771;183.053;1885.852
G_M_6-5m_R8;NA;NA;range;6.5;0;0;6.5;0;1.5;8;17919.775;0,00;5554.435
G_M_5-5m_R8;NA;NA;range;5.5;0;0;5.5;0;1.5;8;16170.283;0,00;5959.309
G_M_1-5m_R8;NA;NA;range;1.5;0;0;1.5;0;1.5;8;5902.668;0,00;7969.4
G_M_0-2m_R8;NA;NA;range;0.2;0;0;0.2;0;1.5;8;1000.157;0,00;9558.201
G_M_0-1m_R8;NA;NA;range;0.1;0;0;0.1;0;1.5;8;516.503;0,00;9771.917
G_M_90u_R8;NA;NA;range;90;0;0;90;0;50;8;640.869;0,00;467.587
G_M_75u_R8;NA;NA;range;75;0;0;75;0;50;8;585.164;0,00;470.212
G_M_50u_R8;NA;NA;range;50;0;0;50;0;50;8;381.187;0,00;486.449
G_M_25u_R8;NA;NA;range;25;0;0;25;0;50;8;166.076;0,00;481.166
G_M_10u_R8;NA;NA;range;10;0;0;10;0;50;8;84.603;0,00;481.411
G_M_1-6u_R8;NA;NA;range;1.6;0;0;1.6;0;0.8;8;18.148;0,00;7.786
G_M_1-2u_R8;NA;NA;range;1.2;0;0;1.2;0;0.8;8;9.495;0,00;8.382
G_M_0-8u_R8;NA;NA;range;0.8;0;0;0.8;0;0.8;8;8.16;0,00;5.093
G_M_0-4u_R8;NA;NA;range;0.4;0;0;0.4;0;0.8;8;1.42;0,00;11.571
G_M_0-1u_R8;NA;NA;range;0.1;0;0;0.1;0;0.8;8;0,00;0,00;13.226
TA_CM_0-6_0_R8;0;NA;acute;0.15;0.45;0.6;NA;NA;0.2;8;2095.162;6605.212;2564.632
TA_CM_0-6_24_R8;1;NA;acute;0.15;0.45;0.6;NA;NA;0.2;8;2086.632;6483.666;2602.721
TA_CM_0-5_0_R8;0;NA;acute;0.125;0.375;0.5;NA;NA;0.2;8;1833.343;5826.341;2717.223
TA_CM_0-5_24_R8;1;NA;acute;0.125;0.375;0.5;NA;NA;0.2;8;1851.175;5724.842;2651.082
TA_CM_0-42_0_R8;0;NA;acute;0.105;0.315;0.42;NA;NA;0.2;8;1560.155;5069.9;2807.313
TA_CM_0-42_24_R8;1;NA;acute;0.105;0.315;0.42;NA;NA;0.2;8;1601.218;4929.112;2759.276
TA_CM_0-36_0_R8;0;NA;acute;0.09;0.27;0.36;NA;NA;0.2;8;1337.652;4385.934;2686.395
TA_CM_0-36_24_R8;1;NA;acute;0.09;0.27;0.36;NA;NA;0.2;8;1402.923;4206.316;2707.548
TA_CM_0-30_0_R8;0;NA;acute;0.075;0.225;0.30;NA;NA;0.2;8;1122.007;3711.902;2793.312
TA_CM_0-30_24_R8;1;NA;acute;0.075;0.225;0.30;NA;NA;0.2;8;1188.265;3748.972;2890.713
TA_CM_0-24_0_R8;0;NA;acute;0.06;0.18;0.24;NA;NA;0.2;8;1013.554;3133.096;2905.541
TA_CM_0-24_24_R8;1;NA;acute;0.06;0.18;0.24;NA;NA;0.2;8;1010.926;3107.968;2959.395
TA_CM_0-18_0_R8;0;NA;acute;0.045;0.135;0.18;NA;NA;0.2;8;761.284;2496.798;3020.171
TA_CM_0-18_24_R8;1;NA;acute;0.045;0.135;0.18;NA;NA;0.2;8;763.372;2463.323;3098.327
TA_CM_0-15_0_R8;0;NA;acute;0.0375;0.1125;0.15;NA;NA;0.2;8;662.866;2102.076;2875.624
TA_CM_0-15_24_R8;1;NA;acute;0.0375;0.1125;0.15;NA;NA;0.2;8;624.71;2203.015;3144.197
TA_CM_0-12_0_R8;0;NA;acute;0.03;0.09;0.12;NA;NA;0.2;8;520.126;1759.37;2990.483
TA_CM_0-12_24_R8;1;NA;acute;0.03;0.09;0.12;NA;NA;0.2;8;509.443;1730.147;3128.546
TA_CM_0-06_0_R8;0;NA;acute;0.015;0.045;0.06;NA;NA;0.2;8;269.947;929.271;3215.74
TA_CM_0-06_24_R8;1;NA;acute;0.015;0.045;0.06;NA;NA;0.2;8;256.746;930.866;3281.68
TA_M_5-0_0_R8;0;NA;acute;5;0;0;NA;0;1.5;8;16827.113;0,00;6757.217
TA_M_5-0_24_R8;1;NA;acute;5;0;0;NA;0;1.5;8;16519.441;0,00;6645.447
TA_M_3-75_0_R8;0;NA;acute;3.75;0;0;NA;0;1.5;8;13827.115;0,00;7444.993
TA_M_3-75_24_R8;1;NA;acute;3.75;0;0;NA;0;1.5;8;13682.914;0,00;7021.594
TA_M_3-25_0_R8;0;NA;acute;3.25;0;0;NA;0;1.5;8;12244.714;0,00;7477.564
TA_M_3-25_24_R8;1;NA;acute;3.25;0;0;NA;0;1.5;8;12554.243;0,00;7632.145
TA_M_3-0_0_R8;0;NA;acute;3.0;0;0;NA;0;1.5;8;11719.022;0,00;7885.979
TA_M_3-0_24_R8;1;NA;acute;3.0;0;0;NA;0;1.5;8;11751.223;0,00;7871.461
TA_M_2-75_0_R8;0;NA;acute;2.75;0;0;NA;0;1.5;8;10804.773;0,00;8009.336
TA_M_2-75_24_R8;1;NA;acute;2.75;0;0;NA;0;1.5;8;11032.304;0,00;7978.748
TA_M_2-25_0_R8;0;NA;acute;2.25;0;0;NA;0;1.5;8;9593.729;0,00;8210.96
TA_M_2-25_24_R8;1;NA;acute;2.25;0;0;NA;0;1.5;8;9506.79;0,00;8492.205
TA_M_2-0_0_R8;0;NA;acute;2.0;0;0;NA;0;1.5;8;8817.329;0,00;8414.18
TA_M_2-0_24_R8;1;NA;acute;2.0;0;0;NA;0;1.5;8;8685.996;0,00;8598.85
TA_M_1-75_0_R8;0;NA;acute;1.75;0;0;NA;0;1.5;8;7969.62;0,00;8851.441
TA_M_1-75_24_R8;1;NA;acute;1.75;0;0;NA;0;1.5;8;7793.932;0,00;9127.544
TA_M_1-5_0_R8;0;NA;acute;1.5;0;0;NA;0;1.5;8;6701.914;0,00;8733.686
TA_M_1-5_24_R8;1;NA;acute;1.5;0;0;NA;0;1.5;8;6724.321;0,00;9182.431
TA_M_1-25_0_R8;0;NA;acute;1.25;0;0;NA;0;1.5;8;5911.548;0,00;9072.761
TA_M_1-25_24_R8;1;NA;acute;1.25;0;0;NA;0;1.5;8;5673.364;0,00;9214.119
TA_M_1-0_0_R8;0;NA;acute;1.0;0;0;NA;0;1.5;8;4804.067;0,00;9469.574
TA_M_1-0_24_R8;1;NA;acute;1.0;0;0;NA;0;1.5;8;4716.856;0,00;9585.865
TA_M_0-75_0_R8;0;NA;acute;0.75;0;0;NA;0;1.5;8;3709.092;0,00;9750.408
TA_M_0-75_24_R8;1;NA;acute;0.75;0;0;NA;0;1.5;8;3722.8;0,00;9669.375
TA_M_0-5_0_R8;0;NA;acute;0.5;0;0;NA;0;1.5;8;2724.957;0,00;10343.37
TA_M_0-5_24_R8;1;NA;acute;0.5;0;0;NA;0;1.5;8;2672.962;0,00;10166.036
TA_M_0-25_0_R8;0;NA;acute;0.25;0;0;NA;0;1.5;8;1494.254;0,00;10893.406
TA_M_0-25_24_R8;1;NA;acute;0.25;0;0;NA;0;1.5;8;1494.917;0,00;11074.79
TC_50_J0_R8;0;NA;chronic;50;0;0;NA;0;50;8;704.463;0,00;1743.4
TC_50_1L_J3_R8;3;1000;chronic;50;0;0;NA;0;50;8;544.168;0,00;1180.633
TC_50_1L_J7_R8;7;1000;chronic;50;0;0;NA;0;50;8;311.214;0,00;1256.435
TC_50_85_J3_R8;3;85;chronic;50;0;0;NA;0;50;8;584.347;0,00;1183.535
TC_50_85_J7_R8;7;85;chronic;50;0;0;NA;0;50;8;308.185;0,00;1230.94
TC_08_J0_R8;0;NA;chronic;0.8;0;0;NA;0;0.8;8;172.292;0,00;378.575
TC_08_1L_J3_R8;3;1000;chronic;0.8;0;0;NA;0;0.8;8;154.18;0,00;351.751
TC_08_1L_J7_R8;7;1000;chronic;0.8;0;0;NA;0;0.8;8;146.472;0,00;333.583
TC_08_85_J3_R8;3;85;chronic;0.8;0;0;NA;0;0.8;8;131.296;0,00;311.587
TC_08_85_J7_R8;7;85;chronic;0.8;0;0;NA;0;0.8;8;119.961;0,00;265.589
BLANC_R9;NA;NA;control;0;0;0;0;0;0;9;0,00;0,00;0,00
G_CM_0-8_R9;NA;NA;range;0.2;0.6;0.8;0.2;0.6;0.2;9;1473.871;6057.434;1639.132
G_CM_0-6_R9;NA;NA;range;0.15;0.45;0.6;0.15;0.45;0.2;9;1139.523;4709.923;1689.891
G_CM_0-2_R9;NA;NA;range;0.05;0.15;0.2;0.05;0.15;0.2;9;447.341;1755.042;1848.881
G_CM_0-04_R9;NA;NA;range;0.01;0.03;0.04;0.01;0.03;0.2;9;114.896;373.476;1827.865
G_CM_0-02_R9;NA;NA;range;0.005;0.015;0.02;0.005;0.015;0.2;9;62.185;189.312;1864.785
G_M_6-5m_R9;NA;NA;range;6.5;0;0;6.5;0;1.5;9;16632.805;0,00;5161.485
G_M_5-5m_R9;NA;NA;range;5.5;0;0;5.5;0;1.5;9;14692.958;0,00;5588.334
G_M_1-5m_R9;NA;NA;range;1.5;0;0;1.5;0;1.5;9;5425.914;0,00;7387.77
G_M_0-2m_R9;NA;NA;range;0.2;0;0;0.2;0;1.5;9;931.341;0,00;8829.506
G_M_0-1m_R9;NA;NA;range;0.1;0;0;0.1;0;1.5;9;488.006;0,00;9005.222
G_M_90u_R9;NA;NA;range;90;0;0;90;0;50;9;639.949;0,00;445.743
G_M_75u_R9;NA;NA;range;75;0;0;75;0;50;9;587.632;0,00;479.195
G_M_50u_R9;NA;NA;range;50;0;0;50;0;50;9;393.647;0,00;513.808
G_M_25u_R9;NA;NA;range;25;0;0;25;0;50;9;219.556;0,00;525.498
G_M_10u_R9;NA;NA;range;10;0;0;10;0;50;9;109.545;0,00;506.348
G_M_1-6u_R9;NA;NA;range;1.6;0;0;1.6;0;0.8;9;45.267;0,00;67.157
G_M_1-2u_R9;NA;NA;range;1.2;0;0;1.2;0;0.8;9;44.172;0,00;53.045
G_M_0-8u_R9;NA;NA;range;0.8;0;0;0.8;0;0.8;9;23.65;0,00;46.266
G_M_0-4u_R9;NA;NA;range;0.4;0;0;0.4;0;0.8;9;28.242;0,00;46.041
G_M_0-1u_R9;NA;NA;range;0.1;0;0;0.1;0;0.8;9;25.009;0,00;46.309
TA_CM_0-6_0_R9;0;NA;acute;0.15;0.45;0.6;NA;NA;0.2;9;1827.056;6348.128;2340.474
TA_CM_0-6_24_R9;1;NA;acute;0.15;0.45;0.6;NA;NA;0.2;9;1869.815;6313.154;2410.697
TA_CM_0-5_0_R9;0;NA;acute;0.125;0.375;0.5;NA;NA;0.2;9;1654.33;5416.239;2307.983
TA_CM_0-5_24_R9;1;NA;acute;0.125;0.375;0.5;NA;NA;0.2;9;1648.042;5457.681;2398.681
TA_CM_0-42_0_R9;0;NA;acute;0.105;0.315;0.42;NA;NA;0.2;9;1435.326;4828.06;2397.073
TA_CM_0-42_24_R9;1;NA;acute;0.105;0.315;0.42;NA;NA;0.2;9;1421.522;4863.674;2424.943
TA_CM_0-36_0_R9;0;NA;acute;0.09;0.27;0.36;NA;NA;0.2;9;1233.427;4273.004;2484.183
TA_CM_0-36_24_R9;1;NA;acute;0.09;0.27;0.36;NA;NA;0.2;9;1308.168;4256.11;2468.284
TA_CM_0-30_0_R9;0;NA;acute;0.075;0.225;0.30;NA;NA;0.2;9;1051.996;3603.25;2549.987
TA_CM_0-30_24_R9;1;NA;acute;0.075;0.225;0.30;NA;NA;0.2;9;1050.818;3607.846;2582.767
TA_CM_0-24_0_R9;0;NA;acute;0.06;0.18;0.24;NA;NA;0.2;9;878.129;2972.176;2552.958
TA_CM_0-24_24_R9;1;NA;acute;0.06;0.18;0.24;NA;NA;0.2;9;897.801;2937.984;2644.267
TA_CM_0-18_0_R9;0;NA;acute;0.045;0.135;0.18;NA;NA;0.2;9;727.811;2411.064;2762.757
TA_CM_0-18_24_R9;1;NA;acute;0.045;0.135;0.18;NA;NA;0.2;9;690.625;2345.606;2743.413
TA_CM_0-15_0_R9;0;NA;acute;0.0375;0.1125;0.15;NA;NA;0.2;9;624.402;2050.664;2715.484
TA_CM_0-15_24_R9;1;NA;acute;0.0375;0.1125;0.15;NA;NA;0.2;9;611.252;2052.769;2777.347
TA_CM_0-12_0_R9;0;NA;acute;0.03;0.09;0.12;NA;NA;0.2;9;525.877;1638.572;2822.608
TA_CM_0-12_24_R9;1;NA;acute;0.03;0.09;0.12;NA;NA;0.2;9;473.19;1646.768;2812.447
TA_CM_0-06_0_R9;0;NA;acute;0.015;0.045;0.06;NA;NA;0.2;9;282.35;936.361;2936.666
TA_CM_0-06_24_R9;1;NA;acute;0.015;0.045;0.06;NA;NA;0.2;9;269.666;901.189;3005.645
TA_M_5-0_0_R9;0;NA;acute;5;0;0;NA;0;1.5;9;15330.475;0,00;6136.223
TA_M_5-0_24_R9;1;NA;acute;5;0;0;NA;0;1.5;9;15072.6;0,00;6173.667
TA_M_3-75_0_R9;0;NA;acute;3.75;0;0;NA;0;1.5;9;12524.224;0,00;6923.19
TA_M_3-75_24_R9;1;NA;acute;3.75;0;0;NA;0;1.5;9;12575.43;0,00;6427.5
TA_M_3-25_0_R9;0;NA;acute;3.25;0;0;NA;0;1.5;9;11456.099;0,00;7117.993
TA_M_3-25_24_R9;1;NA;acute;3.25;0;0;NA;0;1.5;9;11112.105;0,00;6879.93
TA_M_3-0_0_R9;0;NA;acute;3.0;0;0;NA;0;1.5;9;10717.252;0,00;7296.293
TA_M_3-0_24_R9;1;NA;acute;3.0;0;0;NA;0;1.5;9;10585.957;0,00;7195.337
TA_M_2-75_0_R9;0;NA;acute;2.75;0;0;NA;0;1.5;9;9883.856;0,00;7322.271
TA_M_2-75_24_R9;1;NA;acute;2.75;0;0;NA;0;1.5;9;9735.914;0,00;7181.898
TA_M_2-25_0_R9;0;NA;acute;2.25;0;0;NA;0;1.5;9;8615.186;0,00;7354.721
TA_M_2-25_24_R9;1;NA;acute;2.25;0;0;NA;0;1.5;9;8495.825;0,00;7555.814
TA_M_2-0_0_R9;0;NA;acute;2.0;0;0;NA;0;1.5;9;7516.007;0,00;7423.486
TA_M_2-0_24_R9;1;NA;acute;2.0;0;0;NA;0;1.5;9;7610.65;0,00;7647.429
TA_M_1-75_0_R9;0;NA;acute;1.75;0;0;NA;0;1.5;9;7011.07;0,00;7834.825
TA_M_1-75_24_R9;1;NA;acute;1.75;0;0;NA;0;1.5;9;6942.911;0,00;8247.127
TA_M_1-5_0_R9;0;NA;acute;1.5;0;0;NA;0;1.5;9;6142.426;0,00;7984.956
TA_M_1-5_24_R9;1;NA;acute;1.5;0;0;NA;0;1.5;9;6157.192;0,00;8260.105
TA_M_1-25_0_R9;0;NA;acute;1.25;0;0;NA;0;1.5;9;5344.187;0,00;8334.084
TA_M_1-25_24_R9;1;NA;acute;1.25;0;0;NA;0;1.5;9;5399.296;0,00;8732.322
TA_M_1-0_0_R9;0;NA;acute;1.0;0;0;NA;0;1.5;9;4502.46;0,00;8867.992
TA_M_1-0_24_R9;1;NA;acute;1.0;0;0;NA;0;1.5;9;4406.228;0,00;9203.275
TA_M_0-75_0_R9;0;NA;acute;0.75;0;0;NA;0;1.5;9;3456.548;0,00;8960.124
TA_M_0-75_24_R9;1;NA;acute;0.75;0;0;NA;0;1.5;9;3534.842;0,00;9245.747
TA_M_0-5_0_R9;0;NA;acute;0.5;0;0;NA;0;1.5;9;2507.687;0,00;9863.638
TA_M_0-5_24_R9;1;NA;acute;0.5;0;0;NA;0;1.5;9;2487.076;0,00;9492.701
TA_M_0-25_0_R9;0;NA;acute;0.25;0;0;NA;0;1.5;9;1371.863;0,00;10387.198
TA_M_0-25_24_R9;1;NA;acute;0.25;0;0;NA;0;1.5;9;1311.835;0,00;10239.668
TC_50_J0_R9;0;NA;chronic;50;0;0;NA;0;50;9;516.811;0,00;1437.189
TC_50_1L_J3_R9;3;1000;chronic;50;0;0;NA;0;50;9;559.134;0,00;1232.673
TC_50_1L_J7_R9;7;1000;chronic;50;0;0;NA;0;50;9;294.885;0,00;1124.919
TC_50_85_J3_R9;3;85;chronic;50;0;0;NA;0;50;9;541.647;0,00;1070.605
TC_50_85_J7_R9;7;85;chronic;50;0;0;NA;0;50;9;206.058;0,00;950.724
TC_08_J0_R9;0;NA;chronic;0.8;0;0;NA;0;0.8;9;194.353;0,00;367.546
TC_08_1L_J3_R9;3;1000;chronic;0.8;0;0;NA;0;0.8;9;20.329;0,00;40.715
TC_08_1L_J7_R9;7;1000;chronic;0.8;0;0;NA;0;0.8;9;5.393;0,00;41.819
TC_08_85_J3_R9;3;85;chronic;0.8;0;0;NA;0;0.8;9;16.524;0,00;45.544
TC_08_85_J7_R9;7;85;chronic;0.8;0;0;NA;0;0.8;9;4.051;0,00;39.344
BLANC_R10;NA;NA;control;0;0;0;0;0;0;10;0,00;0,00;0,00
G_CM_0-8_R10;NA;NA;range;0.2;0.6;0.8;0.2;0.6;0.2;10;1421.049;5662.107;1478.16
G_CM_0-6_R10;NA;NA;range;0.15;0.45;0.6;0.15;0.45;0.2;10;1019.776;4319.613;1595.86
G_CM_0-2_R10;NA;NA;range;0.05;0.15;0.2;0.05;0.15;0.2;10;379.872;1637.107;1699.047
G_CM_0-04_R10;NA;NA;range;0.01;0.03;0.04;0.01;0.03;0.2;10;101.906;347.398;1770.377
G_CM_0-02_R10;NA;NA;range;0.005;0.015;0.02;0.005;0.015;0.2;10;35.289;185.148;1675.292
G_M_6-5m_R10;NA;NA;range;6.5;0;0;6.5;0;1.5;10;15473.163;0,00;4832.817
G_M_5-5m_R10;NA;NA;range;5.5;0;0;5.5;0;1.5;10;13570.299;0,00;5081.386
G_M_1-5m_R10;NA;NA;range;1.5;0;0;1.5;0;1.5;10;5076.098;0,00;6889.877
G_M_0-2m_R10;NA;NA;range;0.2;0;0;0.2;0;1.5;10;875.967;0,00;8238.724
G_M_0-1m_R10;NA;NA;range;0.1;0;0;0.1;0;1.5;10;425.439;0,00;8470.482
G_M_90u_R10;NA;NA;range;90;0;0;90;0;50;10;562.217;0,00;394.916
G_M_75u_R10;NA;NA;range;75;0;0;75;0;50;10;528.168;0,00;428.625
G_M_50u_R10;NA;NA;range;50;0;0;50;0;50;10;316.758;0,00;447.214
G_M_25u_R10;NA;NA;range;25;0;0;25;0;50;10;253.654;0,00;532.417
G_M_10u_R10;NA;NA;range;10;0;0;10;0;50;10;114.552;0,00;497.428
G_M_1-6u_R10;NA;NA;range;1.6;0;0;1.6;0;0.8;10;16.259;0,00;17.17
G_M_1-2u_R10;NA;NA;range;1.2;0;0;1.2;0;0.8;10;9.35;0,00;13.198
G_M_0-8u_R10;NA;NA;range;0.8;0;0;0.8;0;0.8;10;6.6;0,00;7.191
G_M_0-4u_R10;NA;NA;range;0.4;0;0;0.4;0;0.8;10;8.906;0,00;15.302
G_M_0-1u_R10;NA;NA;range;0.1;0;0;0.1;0;0.8;10;0.946;0,00;10.097
TA_CM_0-6_0_R10;0;NA;acute;0.15;0.45;0.6;NA;NA;0.2;10;1841.222;5830.223;2251.336
TA_CM_0-6_24_R10;1;NA;acute;0.15;0.45;0.6;NA;NA;0.2;10;1770.365;5845.219;2276.162
TA_CM_0-5_0_R10;0;NA;acute;0.125;0.375;0.5;NA;NA;0.2;10;1621.331;5128.676;2214.237
TA_CM_0-5_24_R10;1;NA;acute;0.125;0.375;0.5;NA;NA;0.2;10;1606.35;5090.703;2320.007
TA_CM_0-42_0_R10;0;NA;acute;0.105;0.315;0.42;NA;NA;0.2;10;1406.414;4526.96;2303.739
TA_CM_0-42_24_R10;1;NA;acute;0.105;0.315;0.42;NA;NA;0.2;10;1350.274;4359.694;2270.518
TA_CM_0-36_0_R10;0;NA;acute;0.09;0.27;0.36;NA;NA;0.2;10;1146.762;3936.134;2398.527
TA_CM_0-36_24_R10;1;NA;acute;0.09;0.27;0.36;NA;NA;0.2;10;1176.9;3871.026;2404.473
TA_CM_0-30_0_R10;0;NA;acute;0.075;0.225;0.30;NA;NA;0.2;10;1009.081;3347.61;2463.053
TA_CM_0-30_24_R10;1;NA;acute;0.075;0.225;0.30;NA;NA;0.2;10;1002.834;3332.202;2503.437
TA_CM_0-24_0_R10;0;NA;acute;0.06;0.18;0.24;NA;NA;0.2;10;838.94;2689.385;2484.555
TA_CM_0-24_24_R10;1;NA;acute;0.06;0.18;0.24;NA;NA;0.2;10;827.692;2766.061;2535.34
TA_CM_0-18_0_R10;0;NA;acute;0.045;0.135;0.18;NA;NA;0.2;10;633.119;2139.973;2556.211
TA_CM_0-18_24_R10;1;NA;acute;0.045;0.135;0.18;NA;NA;0.2;10;629.039;2114.498;2586.074
TA_CM_0-15_0_R10;0;NA;acute;0.0375;0.1125;0.15;NA;NA;0.2;10;536.127;1879.939;2466.996
TA_CM_0-15_24_R10;1;NA;acute;0.0375;0.1125;0.15;NA;NA;0.2;10;569.395;1829.021;2579.074
TA_CM_0-12_0_R10;0;NA;acute;0.03;0.09;0.12;NA;NA;0.2;10;467.718;1528.097;2615.856
TA_CM_0-12_24_R10;1;NA;acute;0.03;0.09;0.12;NA;NA;0.2;10;454.352;1492.296;2643.51
TA_CM_0-06_0_R10;0;NA;acute;0.015;0.045;0.06;NA;NA;0.2;10;233.039;862.803;2683.71
TA_CM_0-06_24_R10;1;NA;acute;0.015;0.045;0.06;NA;NA;0.2;10;214.707;815.534;2707.6
TA_M_5-0_0_R10;0;NA;acute;5;0;0;NA;0;1.5;10;13900.71;0,00;5625.876
TA_M_5-0_24_R10;1;NA;acute;5;0;0;NA;0;1.5;10;13582.5;0,00;5600.276
TA_M_3-75_0_R10;0;NA;acute;3.75;0;0;NA;0;1.5;10;11318.699;0,00;6231.925
TA_M_3-75_24_R10;1;NA;acute;3.75;0;0;NA;0;1.5;10;11308.747;0,00;5830.233
TA_M_3-25_0_R10;0;NA;acute;3.25;0;0;NA;0;1.5;10;10379.901;0,00;6460.564
TA_M_3-25_24_R10;1;NA;acute;3.25;0;0;NA;0;1.5;10;10518.98;0,00;6442.558
TA_M_3-0_0_R10;0;NA;acute;3.0;0;0;NA;0;1.5;10;9711.172;0,00;6632.225
TA_M_3-0_24_R10;1;NA;acute;3.0;0;0;NA;0;1.5;10;10022.343;0,00;6631.497
TA_M_2-75_0_R10;0;NA;acute;2.75;0;0;NA;0;1.5;10;9195.253;0,00;6857.239
TA_M_2-75_24_R10;1;NA;acute;2.75;0;0;NA;0;1.5;10;9346.509;0,00;6828.508
TA_M_2-25_0_R10;0;NA;acute;2.25;0;0;NA;0;1.5;10;8141.543;0,00;6947.665
TA_M_2-25_24_R10;1;NA;acute;2.25;0;0;NA;0;1.5;10;8113.855;0,00;7308.955
TA_M_2-0_0_R10;0;NA;acute;2.0;0;0;NA;0;1.5;10;7515.745;0,00;7233.426
TA_M_2-0_24_R10;1;NA;acute;2.0;0;0;NA;0;1.5;10;7494.951;0,00;7381.87
TA_M_1-75_0_R10;0;NA;acute;1.75;0;0;NA;0;1.5;10;6911.522;0,00;7501.407
TA_M_1-75_24_R10;1;NA;acute;1.75;0;0;NA;0;1.5;10;6717.524;0,00;7859.927
TA_M_1-5_0_R10;0;NA;acute;1.5;0;0;NA;0;1.5;10;5814.374;0,00;7468.237
TA_M_1-5_24_R10;1;NA;acute;1.5;0;0;NA;0;1.5;10;5973.133;0,00;8038.217
TA_M_1-25_0_R10;0;NA;acute;1.25;0;0;NA;0;1.5;10;5091.15;0,00;8028.815
TA_M_1-25_24_R10;1;NA;acute;1.25;0;0;NA;0;1.5;10;5251.72;0,00;8444.71
TA_M_1-0_0_R10;0;NA;acute;1.0;0;0;NA;0;1.5;10;4322.735;0,00;8542.553
TA_M_1-0_24_R10;1;NA;acute;1.0;0;0;NA;0;1.5;10;4155.223;0,00;8779.168
TA_M_0-75_0_R10;0;NA;acute;0.75;0;0;NA;0;1.5;10;3447.734;0,00;8966.851
TA_M_0-75_24_R10;1;NA;acute;0.75;0;0;NA;0;1.5;10;3415.108;0,00;8893.07
TA_M_0-5_0_R10;0;NA;acute;0.5;0;0;NA;0;1.5;10;2376.897;0,00;9390.524
TA_M_0-5_24_R10;1;NA;acute;0.5;0;0;NA;0;1.5;10;2397.582;0,00;9368.069
TA_M_0-25_0_R10;0;NA;acute;0.25;0;0;NA;0;1.5;10;1448.81;0,00;10049.791
TA_M_0-25_24_R10;1;NA;acute;0.25;0;0;NA;0;1.5;10;1381.439;0,00;9902.89
TC_50_J0_R10;0;NA;chronic;50;0;0;NA;0;50;10;753.351;0,00;1525.784
TC_50_1L_J3_R10;3;1000;chronic;50;0;0;NA;0;50;10;380.137;0,00;887.434
TC_50_1L_J7_R10;7;1000;chronic;50;0;0;NA;0;50;10;173.6;0,00;971.192
TC_50_85_J3_R10;3;85;chronic;50;0;0;NA;0;50;10;633.608;0,00;1081.477
TC_50_85_J7_R10;7;85;chronic;50;0;0;NA;0;50;10;343.752;0,00;1129.95
TC_08_J0_R10;0;NA;chronic;0.8;0;0;NA;0;0.8;10;32.434;0,00;62.371
TC_08_1L_J3_R10;3;1000;chronic;0.8;0;0;NA;0;0.8;10;23.53;0,00;46.791
TC_08_1L_J7_R10;7;1000;chronic;0.8;0;0;NA;0;0.8;10;11.441;0,00;34.203
TC_08_85_J3_R10;3;85;chronic;0.8;0;0;NA;0;0.8;10;186.855;0,00;311.97
TC_08_85_J7_R10;7;85;chronic;0.8;0;0;NA;0;0.8;10;62.062;0,00;134.042
